,PSR,1주당순이익,부채비율,매출액정상영업이익률,소형주,종목코드,수익률
2013-03-01,1.1772,1766.3999999999999,-4.4601294777,-4.72181480136,0.11167700803224544,000080,-0.07802547770700637
2014-03-01,0.937751612903226,1344.35,6.851268361600001,-0.7630163647199893,0.1151668976977371,000080,-0.08045977011494253
2015-03-01,1.0326870967741935,339.25,2.4980261293000003,-0.71934869556,0.11504991212234766,000080,0.017699115044247787
2013-03-01,3.0425295081967216,4322.849999999999,-1.2941827613,-0.17445042684,0.11286896242845477,000100,-0.1072463768115942
2014-03-01,2.8155403225806457,2432.25,1.605768944,0.6343027001999894,0.11226408784089552,000100,0.005479452054794521
2015-03-01,2.2258854838709676,1938.8999999999999,5.1675346164,0.5378700002399892,0.11327693273369364,000100,-0.10650887573964497
2015-06-01,2.035211666666667,2728.95,38.707885788,6.655659634800001,0.11027362897313042,000100,-0.365
2016-06-01,3.085971666666667,5739.65,49.195666909999986,7.77616937316,0.10829918238098303,000100,-0.08896797153024912
2013-03-01,1.0501524590163935,5477.45,-5.0164744981,-1.2759727543200001,0.11091280407265136,000120,0.050241545893719805
2014-03-01,0.8517822580645161,-2811.75,3.351239736,0.82193548392,0.11098348221810256,000120,-0.13453815261044177
2015-03-01,1.256137096774194,1407.6,-5.02508565,0.45388878552000006,0.10657808252462003,000120,-0.04
2013-03-01,0.8862950819672133,4451.65,6.4245838774,-3.4850721636,0.10976127063468621,000150,0.015209125475285171
2014-03-01,0.1350193548387097,6726.349999999999,-158.72025754,-0.14183742168000002,0.10908549719975112,000150,-0.03745318352059925
2015-03-01,0.11638387096774196,3598.35,-15.147512237,-0.24965692020000002,0.11020453204767922,000150,-0.1477832512315271
2013-03-01,0.37596065573770493,11647.199999999999,3.7217972285,-0.2875346143199892,0.1087320888030036,000210,-0.03615819209039548
2014-03-01,0.3596999999999999,-745.1999999999999,13.763841819000001,-4.80495591,0.10914982041843253,000210,0.06371490280777538
2015-03-01,0.26722580645161287,-13530.9,15.539268394,-2.3801281045199896,0.1122154056052078,000210,-0.0015503875968992248
2013-03-01,0.42670819672131155,7093.2,7.1288252632999995,10.554156303840001,0.127339885788185,000240,0.06297229219143577
2015-03-01,9.13121129032258,537.05,-0.15942815200000002,-2.04244040376,0.11210090922354277,000240,0.14052953156822812
2013-03-01,0.6204065573770493,10977.9,-12.844270770500001,-1.5549204355200001,0.09456558508458521,000270,0.012433392539964476
2014-03-01,0.5646903225806452,2694.45,1.2690187614,-0.41260221612000003,0.09449042828481438,000270,-0.1252371916508539
2015-03-01,0.5059709677419354,1239.6999999999998,4.9900404996,-0.42529573044,0.09538031440568827,000270,0.13575525812619502
2015-06-01,0.4465366666666667,2572.5499999999997,111.219643873,4.9436154306,0.09540536845983841,000270,-0.023728813559322035
2016-06-01,0.42746166666666663,2711.7,125.187842858,5.40984983651999,0.0955216175617249,000270,0.0818278427205101
2020-06-01,0.29430000000000006,762.4499999999999,121.85455106500001,3.2952273994800003,0.09826663228471995,000270,-0.25440313111545987
2013-03-01,0.08862950819672126,-267.95,-6.414755392500001,1.2406129754400002,0.09567259489571649,000660,0.10508083140877598
2014-03-01,0.06821290322580643,4651.75,-9.9112202774,-0.18775274904000003,0.0932134979878261,000660,-0.27837837837837837
2015-03-01,0.10337419354838703,6718.299999999999,1.5915744442,1.1885861970000002,0.09172722849918111,000660,0.07482993197278912
2015-03-01,0.7589564516129034,85638.2,-11.088862145399998,1.4951769490800002,0.11123091768231223,000670,0.0064
2013-03-01,0.6445295081967215,5264.7,0.7530105375000001,-0.15456070944,0.10192093222864991,000720,0.07083333333333333
2014-03-01,0.5402532258064515,4554.0,15.000176789000001,-0.9206112844800001,0.10322342857174396,000720,0.06666666666666667
2015-03-01,0.406640322580645,3421.2499999999995,7.3015427264,-0.96778972476,0.10510876893991167,000720,-0.23076923076923078
2013-03-01,0.21549836065573771,5127.849999999999,-11.276997962099987,0.30041631324,0.11091049073104828,000880,0.025974025974025976
2014-03-01,0.08720000000000001,2149.35,8.143557511700001,-0.12461761116000002,0.11055525837153429,000880,0.1640625
2015-03-01,0.06135645161290316,-6025.999999999999,-50.931741523,0.11875361076000002,0.11190770032866762,000880,-0.19966996699669967
2013-03-01,0.5728754098360657,-604.9,-14.103344801000002,-4.0853744582400005,0.1340495009033989,000990,0.0234375
2014-03-01,0.47661129032258076,-1199.4499999999998,83.454242781,-3.8549998828800005,0.13277844124390698,000990,0.10427807486631016
2015-03-01,0.5166951612903227,-537.05,144.37043751000002,2.5154426502000002,0.1364584611338633,000990,-0.28955866523143164
2015-06-01,0.47360500000000005,1743.3999999999999,570.23596435,13.6625784588,0.12858240231648696,000990,-1.6870748299319729
2016-06-01,1.0825516666666668,723.3499999999999,337.66166538,23.9095978848,0.12176069858947104,000990,-0.019337016574585635
2020-06-01,1.876733870967742,1458.1999999999998,87.81493880900001,30.966265872,0.11793563582614076,000990,-0.3803827751196172
2013-03-01,0.26213606557377045,8971.15,-2.8877959188,-0.3545075095199892,0.10699423835419172,001040,-0.19678714859437751
2014-03-01,0.1933870967741935,6071.999999999999,0.2697776263,-0.10930045176,0.10763646073163363,001040,-0.1574468085106383
2015-03-01,0.28005967741935484,8481.25,0.355130802,0.05326112664,0.10493725869045771,001040,-0.11746031746031746
2013-03-01,0.1316934426229508,6595.249999999999,-35.734315474,-0.29588202612000003,0.11458240032517414,001120,0.1441717791411043
2014-03-01,0.09704516129032256,1432.8999999999999,-19.999670002000002,-0.18433637100000003,0.11883047682708182,001120,-0.0017761989342806395
2015-03-01,0.09124354838709674,-392.15,-30.163398577,0.045433226160000006,0.11672279276551174,001120,-0.28717948717948716
2013-03-01,0.08720000000000001,-4238.9,-16.515472337000002,-0.8845111580399999,0.12231635284665508,001230,0.13732394366197184
2014-03-01,0.1014403225806451,-2212.6,17.345565094,0.13089103092,0.12288401445590737,001230,0.011904761904761904
2015-03-01,0.05608225806451602,-4264.2,-1.2228010938,0.014989163400000002,0.12615646802235847,001230,-0.0415944540727903
2013-03-01,0.45136721311475425,425.49999999999994,43.788185064000004,-3.57747720012,0.11904220723012587,001680,-0.3488372093023256
2014-03-01,0.5311112903225805,3481.0499999999997,-14.052085463,-0.22990102668,0.11678938709583611,001680,-0.088
2015-03-01,0.5864903225806453,2946.2999999999997,-3.4455738876,-0.11766616308,0.11699596749617837,001680,-0.22335766423357664
2013-03-01,0.08862950819672126,223.1,-16.497601705,-0.06232024223999989,0.11322029732780715,001740,0.10508083140877598
2014-03-01,0.06821290322580643,-2632.35,8.910460630500001,0.21176222147998922,0.1127143665027925,001740,-0.27837837837837837
2015-03-01,0.10337419354838703,148.35,1.0339107051,0.08892351288000001,0.11239202920905479,001740,0.07482993197278912
2013-03-01,1.7429278688524594,33167.149999999994,-6.257411917900001,-2.87702836416,0.1034071979036028,001800,0.0
2014-03-01,1.273893548387097,31852.699999999997,1.2381337111000001,-1.12263978348,0.10486769516187008,001800,0.12030075187969924
2015-03-01,1.1543451612903226,35707.5,-6.0223862283,-0.9501722658,0.10359691225401131,001800,-0.158
2013-03-01,0.8921918032786886,52191.6,-7.5233196064,-1.33689461148,0.10920287586898042,002380,-0.011589403973509934
2014-03-01,1.4001225806451616,29091.55,-2.5853720594,-0.7657254734399892,0.10472819461480377,002380,-0.18995633187772926
2015-03-01,1.8245193548387098,38237.5,-0.5135498576,-1.10615778144,0.10410042009765784,002380,-0.05794392523364486
2013-03-01,2.8885000000000005,21951.199999999997,-0.355091347,-2.9739984159600006,0.10801076919157297,002790,0.14683815648445875
2014-03-01,2.1631225806451613,23117.3,2.709325039199987,-1.5841251637200002,0.1066526385259873,002790,-0.09871244635193133
2015-03-01,5.449648387096775,31618.1,1.434448631199987,-2.0489155254,0.09977689789450728,002790,-0.4634146341463415
2014-03-01,0.5826225806451615,5538.4,7.2986826848,-2.35750642992,0.1285587952909552,003090,0.005012531328320802
2015-03-01,0.7327612903225806,3213.1,13.938798210999988,-1.2571310041200001,0.12699049998585257,003090,-0.07344632768361582
2013-03-01,0.2867950819672131,47823.899999999994,31.692423191000003,5.09976168696,0.118985770418358,003240,-0.10392364793213149
2013-03-01,0.27786065573770485,478.4,-10.3741778998,1.7170648995600002,0.12478541343580554,003410,-0.3855633802816901
2014-03-01,0.28568548387096776,577.3,-8.5507739967,0.7956297338399999,0.1245548920527953,003410,-0.2805049088359046
2015-03-01,0.5056193548387097,1507.6499999999999,-8.466210253800002,0.3207746631599892,0.11896545428049578,003410,-0.16906474820143885
2020-06-01,1.9342225806451618,44.849999999999994,114.932129,10.556888244840001,0.11078362183135014,003410,-0.1590909090909091
2013-03-01,0.2632081967213114,4223.95,6.469351707,-1.10723621004,0.10881200107171111,003490,0.12043010752688173
2014-03-01,0.15084193548387093,-4044.5499999999997,-17.248665798,0.27165038904000005,0.1128230253309146,003490,-0.23557692307692307
2015-03-01,0.18793709677419349,-9412.75,204.00664609000003,0.66706517304,0.10911098526989821,003490,-0.0753045404208195
2013-03-01,1.1671934426229509,6088.099999999999,-3.2202256606,-2.3148105253200004,0.09903824300457596,003550,0.025373134328358207
2014-03-01,1.165772580645161,5861.549999999999,0.5551502606000001,0.25280393868,0.09990051052138665,003550,0.07655502392344497
2015-03-01,1.2202725806451613,5524.599999999999,1.4183588874000002,-0.6890614779600001,0.09931590352710105,003550,0.009693053311793215
2013-03-01,0.7254754098360655,3016.45,-11.6973337715,-0.27013748076000005,0.12295149381552867,003670,0.07817109144542773
2014-03-01,0.5982693548387098,11432.15,3.5283790009000002,-0.2532727763999999,0.12290756027228361,003670,-0.03389830508474576
2015-03-01,0.6518903225806453,14140.4,-1.354614793999987,-0.3554297139599892,0.1220224783139808,003670,-0.005
2013-03-01,0.48174426229508205,505.99999999999994,-13.528039135000002,-1.67928529752,0.13905396124802455,003850,-0.34913793103448276
2014-03-01,0.7598354838709678,658.9499999999999,-19.056628422,0.84155784516,0.1349269219841721,003850,-0.12191582002902758
2015-03-01,0.8429919354838712,845.2499999999999,-11.8881386858,0.74520762264,0.13228291807476641,003850,-0.12325285895806862
2015-06-01,0.8494733333333334,793.4999999999999,78.878186998,7.39411891524,0.1294655787408217,003850,-0.5216450216450217
2016-06-01,1.0856400000000002,449.65,89.691068064,5.2468641194400005,0.12730478139094292,003850,-0.19395017793594305
2020-06-01,0.9852193548387097,227.7,93.854893184,10.778826753360002,0.12465747804036892,003850,-0.4845814977973568
2013-03-01,1.3848360655737706,3309.7,-3.9293507591,-2.3114778246000003,0.1162034897112669,004000,0.0967741935483871
2014-03-01,0.9036451612903224,150.64999999999998,0.697628737,-1.43573052744,0.1189829700203745,004000,-0.130635838150289
2015-03-01,0.7049838709677418,2762.2999999999997,-10.785395597599999,1.54202928984,0.12092461746789669,004000,-0.2410179640718563
2016-06-01,0.91669,-3470.7,57.648990893000004,-8.032932006479989,0.12083835948276722,004000,0.22291407222914073
2020-06-01,0.7526274193548388,1944.6499999999999,32.307047851,15.741042498000002,0.12071141502245995,004000,-0.1697792869269949
2013-03-01,0.49550327868852456,3040.6,0.7229637233,-0.5411530090800001,0.10241955379093037,004020,0.09598214285714286
2014-03-01,0.5275951612903226,9421.949999999999,-19.264383034,0.5374711908,0.10156308740622043,004020,0.17801672640382318
2015-03-01,0.4546354838709678,7589.999999999999,-3.3767438627,0.9372100204800001,0.10162062846795225,004020,-0.13178294573643412
2013-03-01,1.971470491803279,18893.35,45.63392181399999,-0.21110496156,0.11230299789317955,004170,-0.029612756264236904
2014-03-01,1.1671790322580649,18427.6,-6.704602664499987,1.79630144748,0.1120292022261025,004170,0.10485436893203884
2015-03-01,0.8593419354838711,18310.3,4.2610893728,1.07045899164,0.11476066292557538,004170,0.07671232876712329
2013-03-01,0.7960573770491801,5163.5,0.3995605783,-1.4334099908400002,0.11441530073376349,004370,-0.14705882352941177
2014-03-01,0.7528032258064519,17578.899999999998,0.6755472190999999,0.4829995072799999,0.11435089688083436,004370,-0.1892430278884462
2015-03-01,0.8313887096774192,12927.15,2.8963623585,-0.26291188332000004,0.11582334826064103,004370,0.02012072434607646
2013-03-01,0.7524573770491804,1867.6,-2.342843763,-0.6821821090799892,0.12453454867752918,004490,-0.0328042328042328
2014-03-01,0.9175338709677417,1515.6999999999998,-0.3111890872999999,-0.25694725824000003,0.12332647754524795,004490,0.08441558441558442
2015-03-01,0.6596258064516128,1919.35,-0.676420442099987,0.9715037097599892,0.12594008936137932,004490,-0.24533001245330013
2015-06-01,0.65618,1524.8999999999999,38.948560157,9.323418674520001,0.12421964824577438,004490,0.23804780876494025
2013-03-01,0.12901311475409835,4230.849999999999,-3.0353845327,-1.26851596236,0.11249411888387535,004800,0.24764468371467024
2014-03-01,0.12587741935483868,-7922.349999999999,-10.760497406099999,-1.1753541720000003,0.11112253989906276,004800,-0.10822510822510822
2015-03-01,0.12113064516129032,9306.949999999999,-35.773843651,0.07206475500000001,0.11071152862202047,004800,-0.29210134128166915
2013-03-01,1.2286622950819672,74867.29999999999,-3.7114909272999874,-2.2825515484800003,0.11128213906878638,004990,-0.1372670807453416
2014-03-01,1.396782258064516,41450.6,3.6463880985999872,-0.7110148928399892,0.1107347605262849,004990,0.024612092027822365
2015-03-01,1.4762467741935485,-2329.8999999999996,1.2804070162,-0.8698669088400001,0.11074343894991356,004990,-0.007909604519774011
2013-03-01,1.0680213114754098,1639.8999999999999,3.3941842207,-3.46263922764,0.12313674795026315,005250,-0.1465798045602606
2014-03-01,0.8173241935483871,1120.1,0.067168799099987,-2.6004040394400003,0.12323489148392802,005250,-0.31020408163265306
2015-03-01,1.2359193548387095,1447.85,-0.037219687699987,-2.2657830256800002,0.11884849673922869,005250,-0.3325242718446602
2013-03-01,1.010126229508197,70316.75,-5.1865801325000005,-0.66580592328,0.11379996042185014,005300,0.01588352084712111
2014-03-01,1.0386645161290322,85526.65,-4.7666258289,-1.2431840828399892,0.11332212635713039,005300,0.01257445400397088
2015-03-01,1.137291935483871,15813.65,9.8271766346,-1.63476194436,0.11224455524852307,005300,-0.16418918918918918
2013-03-01,0.8943360655737704,36242.25,0.1062393865,-1.17506180736,0.08929197813404578,005380,-0.037037037037037035
2014-03-01,0.9097983870967742,36157.149999999994,-5.0244009322,-0.1023119564399891,0.08844086091534596,005380,-0.11804008908685969
2015-03-01,0.6184870967741937,31092.55,6.933896299199988,-0.1933769581199892,0.09011685968444613,005380,0.0029585798816568047
2013-03-01,0.8834360655737705,496.79999999999995,8.389601057500002,0.0186939327599892,0.11508069414371855,005440,0.0029850746268656717
2014-03-01,0.7582532258064516,1197.1499999999999,0.9701816033,-0.9340538565600001,0.11472750629913296,005440,-0.020771513353115726
2015-03-01,0.7303000000000002,1285.6999999999998,1.0922328586,-0.39520566684,0.11418769414329444,005440,-0.0316622691292876
2013-03-01,0.466377049180328,36655.1,-2.4864322587,-0.2855915064,0.09241856592715388,005490,0.0957004160887656
2014-03-01,0.48399516129032266,20020.35,2.0305648636,-0.1384087262399999,0.09349964433482068,005490,0.08074534161490683
2015-03-01,0.46219516129032245,8546.8,1.1999955084,-0.1281533291999892,0.09411707381641035,005490,0.13756613756613756
2014-03-01,0.3936306451612903,2661.1,-12.182709214,-0.28183603968000004,0.12591943420001006,005850,-0.22115384615384615
2015-03-01,0.4512951612903226,3416.6499999999996,-11.137988855499987,0.0122573574,0.1251239899416035,005850,-0.0872093023255814
2013-03-01,0.8194655737704919,35071.549999999996,-1.4371675214000001,-1.5698310937199893,0.11991657878577136,006040,-0.015625
2014-03-01,0.7107854838709675,26213.1,-14.788858175000001,-1.9836313236,0.11889946461116906,006040,-0.08180300500834725
2015-03-01,0.7932387096774192,20739.1,13.530747724,0.07968505032,0.11920265104796224,006040,-0.050473186119873815
2013-03-01,0.25784754098360657,7047.2,3.8183861377999997,-0.7956688730400001,0.10983828585567652,006260,0.07157894736842105
2014-03-01,0.22538387096774196,5094.5,-17.683271307000002,-0.39184080804000004,0.11092695092405867,006260,0.049813200498132
2015-03-01,0.18178387096774196,1862.9999999999998,11.315693841399987,-0.10196830368000001,0.11500140301294867,006260,0.03525046382189239
2013-03-01,2.161952459016394,6100.749999999999,0.111470593,-4.31977443444,0.11591715355333496,006280,-0.13309352517985612
2014-03-01,1.8573951612903226,7060.999999999999,-0.7673958643000001,-2.6845074972,0.11564408811256971,006280,-0.03278688524590164
2015-03-01,1.9226193548387096,8349.0,0.0811085249,-2.050413406559989,0.11467901085475961,006280,-0.3283018867924528
2013-03-01,0.34737049180327856,2372.45,-8.0324886759,-1.6573996159200002,0.11008341888264746,006360,0.07525083612040134
2014-03-01,0.18283870967741941,-19217.649999999998,35.475657477,2.8571588557200003,0.1142578320911218,006360,-0.19407894736842105
2015-03-01,0.17088387096774207,-767.05,25.714212992,0.31483542564,0.11365190455990182,006360,-0.3482142857142857
2014-03-01,1.565556451612903,3400.5499999999997,-2.4779655732,-1.39227225624,0.10251827610521981,006400,-0.022222222222222223
2015-03-01,1.8370016129032258,-1744.55,-2.8939680315,0.9500071867200001,0.100675834127316,006400,-0.16666666666666666
2013-03-01,0.17886721311475412,-1954.9999999999998,4.8437720136,-0.7177331354400001,0.13310958899326825,006650,0.1705989110707804
2014-03-01,0.26388548387096766,8558.3,-0.2385375941,-1.33217368848,0.12741045655177374,006650,0.09681227863046045
2015-03-01,0.27197258064516133,11939.3,-11.917737410800001,0.54896618052,0.12625969949972812,006650,-0.5820029027576198
2020-06-01,0.2872677419354839,-5620.049999999999,21.905152113,-9.95995703735999,0.1224987003885923,006650,-0.25695216907675195
2013-03-01,0.6597180327868853,364.54999999999995,-10.9673900466,-0.7476101539200001,0.11206456285104766,007070,0.00505902192242833
2014-03-01,0.5457032258064515,418.59999999999997,-2.8317464734,-0.14242187232,0.11287041006184256,007070,-0.013157894736842105
2015-03-01,0.44391129032258075,339.25,-3.2155129252999997,-0.07480120932,0.11241424606813509,007070,-0.35496957403651114
2015-06-01,0.47306000000000004,463.45,100.611202276,3.2392286586,0.10941554613317016,007070,-0.3961136023916293
2013-03-01,0.5378524590163933,8497.349999999999,-17.005502202,0.062196921360000004,0.12153243529656231,007310,-0.4772727272727273
2014-03-01,0.7730209677419357,31110.949999999997,-4.1444619502,-0.6717358425600001,0.11694503792759652,007310,0.08220858895705521
2015-03-01,1.1705193548387096,31932.05,-1.7943219801,-0.52254973476,0.11345316395595437,007310,-0.22966014418125644
2013-03-01,1.1786295081967217,476.09999999999997,-5.5857558653,-0.75331086156,0.1136581396082716,008770,-0.26436781609195403
2014-03-01,1.3224161290322582,-42.55,-16.800826328,-1.05207646716,0.10891037132489162,008770,-0.3145038167938931
2015-03-01,1.838759677419355,118.44999999999999,-0.19413766840000002,-0.6327344969999892,0.10701018129425552,008770,-0.03270042194092827
2015-06-01,1.5012933333333331,454.24999999999994,214.83676981000002,4.385467864440001,0.10616261064889741,008770,-0.14124872057318322
2016-06-01,0.9183250000000001,372.59999999999997,292.30510478,2.3445400579199895,0.11039584795116632,008770,-0.04141104294478527
2015-03-01,4.188412903225807,443.9,12.774262550400001,-2.3689798520400003,0.11984908199201819,008930,-1.256578947368421
2020-06-01,2.755941935483871,116.14999999999999,54.219827649,4.31889422688,0.11322815715827732,008930,-0.3058823529411765
2013-03-01,1.3691114754098366,6537.749999999999,-9.8167957251,-0.64175435568,0.10232451914725008,009150,0.019801980198019802
2014-03-01,0.8461564516129032,4895.549999999999,-5.017926400499987,-2.17695117348,0.10498165229498697,009150,0.005738880918220947
2015-03-01,0.5309354838709678,7453.15,-10.2118936647,0.68798617596,0.10481216403628106,009150,-0.3855855855855856
2013-03-01,0.6398836065573772,992.4499999999999,-21.509565792,0.5783346539999892,0.1284272706692201,009240,-0.1771117166212534
2014-03-01,1.428779032258065,3912.2999999999997,-2.2560720858000005,0.20031850151999991,0.11684419793077315,009240,-0.3592233009708738
2015-03-01,3.0992919354838717,5511.95,-29.895699769,0.12605013828,0.10760325792166879,009240,-0.5569620253164557
2013-03-01,3.9216770491803277,-34.5,-55.02911419199999,-3.0855358944,0.13120940362699846,009420,-0.014772727272727272
2014-03-01,2.9240129032258064,-359.95,14.413489454,-4.346982411120001,0.14137690913598341,009420,0.0
2015-03-01,2.4004612903225806,-389.84999999999997,36.297614977,-0.21521985984000003,0.14070840983430907,009420,-0.23728813559322035
2015-06-01,2.45795,9.2,108.699760689,0.54028017036,0.13428338016584124,009420,-2.128898128898129
2016-06-01,9.045728333333333,37.949999999999996,26.730737423,8.47827011772,0.12050608097309168,009420,-0.18309859154929578
2020-06-01,15.311511290322583,87.39999999999999,40.84003479399999,13.892092844399992,0.11661921940143949,009420,-0.24336283185840707
2013-03-01,0.3143131147540983,20496.449999999997,-2.864699189299987,-1.16164149624,0.09634561728718832,009540,0.15090543259557343
2014-03-01,0.3611064516129032,5804.049999999999,7.0727044349,-0.84034806372,0.09626864601152506,009540,0.16765285996055226
2015-03-01,0.16086290322580643,-36856.35,0.6023185441000001,2.32345147032,0.10082425844145271,009540,-0.08928571428571429
2013-03-01,0.426350819672131,240.35,19.100500380000003,-2.3661541357200004,0.11018309765291073,009830,-0.036939313984168866
2014-03-01,0.590709677419355,66.69999999999999,-6.543032931500001,0.15185828916000002,0.10981137520698461,009830,0.08076009501187649
2015-03-01,0.29500322580645166,417.45,-0.9411440558,-0.40809051503999993,0.11242449040114288,009830,-0.28634361233480177
2013-03-01,0.7563885245901638,-3295.8999999999996,9.9393941205,-4.6131677712000005,0.10676399410906295,010060,0.04776119402985075
2014-03-01,1.1889790322580647,-15802.15,1.3754061646000002,-0.82265484276,0.10570899104628818,010060,0.058355437665782495
2015-03-01,0.6322000000000002,-960.2499999999999,0.32656734369998697,0.7422609949200001,0.11248910448960568,010060,-0.34415584415584416
2013-03-01,1.0901786885245903,3934.1499999999996,13.188480279,-1.55409651648,0.11325663171655255,010120,0.125
2014-03-01,0.9697483870967744,4570.099999999999,-12.8501614267,-0.1772159914799892,0.11320924695609685,010120,-0.004484304932735426
2015-03-01,0.8600451612903227,4188.299999999999,9.2501635928,0.55179821268,0.11392444602885926,010120,-0.07952622673434856
2013-03-01,1.6276737704918032,36446.95,-2.8285269064,-0.9894459646800001,0.10237461021226014,010130,0.12839506172839507
2014-03-01,1.1197112903225805,29154.8,-4.788762445999987,-0.2598508576799999,0.10328165270410235,010130,-0.04754358161648178
2015-03-01,1.7285290322580644,32616.3,-3.9618195799,0.54389820708,0.10163895542195561,010130,-0.04562268803945746
2013-03-01,0.5800229508196723,4223.95,18.774135874,-0.13997668104000002,0.10098904909143068,010140,0.09961190168175937
2014-03-01,0.6026645161290325,3351.1,-0.29065858120000004,-2.28566088684,0.10180332259772064,010140,0.16294349540078842
2015-03-01,0.34370161290322576,796.9499999999999,15.951967239,0.6374664014400001,0.10630977090393848,010140,0.08142493638676845
2013-03-01,0.280183606557377,5667.2,-30.212878423000003,-0.8605944630000001,0.11146597232031791,010620,0.09689922480620156
2014-03-01,0.4279129032258064,-13957.55,25.923890447,-1.01108027628,0.10858766731169162,010620,0.12921348314606743
2015-03-01,0.2310096774193548,-37140.399999999994,50.97684801300001,12.445131049200002,0.11593634576305022,010620,-0.1255539143279173
2013-03-01,0.6677590163934425,-309.34999999999997,65.967259579,0.27534572352,0.13513334370935384,010780,-0.15270935960591134
2014-03-01,0.6976000000000001,960.2499999999999,-13.205862943,0.573901956,0.1279103608039745,010780,-0.5111821086261981
2015-03-01,1.925432258064516,2201.1,-0.4932504031,0.2942427221999892,0.11535646217240618,010780,-0.4069097888675624
2013-03-01,0.39919016393442625,-218.49999999999997,-21.350392881999998,-0.63162395568,0.09911421914145792,010950,0.11658767772511848
2014-03-01,0.276191935483871,-272.54999999999995,-18.908634264,-0.8474840233200001,0.1018312795481359,010950,0.1503448275862069
2015-03-01,0.17563064516129032,-2688.7,-26.055600116000004,-0.86927982084,0.10273028877946426,010950,-0.3230452674897119
2015-06-01,0.26486999999999994,2086.1,136.43260033,5.87999541816,0.1014953048196068,010950,-0.013493253373313344
2016-06-01,0.5851483333333334,4280.299999999999,131.61670392000002,15.492510252,0.09998902539923991,010950,0.2171664943123061
2020-06-01,0.3626887096774194,-8699.75,249.88986178000002,-20.926429488,0.10162535837844852,010950,-0.15454545454545454
2013-03-01,0.3904344262295082,-1426.0,20.342729471999988,-0.4562551767599999,0.115540934430806,011070,0.08975834292289989
2014-03-01,0.3364935483870967,886.65,-29.514236024,-0.11652851268000002,0.1138666281362493,011070,-0.2394705174488568
2015-03-01,0.3663806451612903,-277.15,-14.741410983,-0.69448395816,0.11094841209938897,011070,-0.04035874439461883
2015-06-01,0.4280066666666668,1366.1999999999998,187.55349690999998,4.83749134524,0.11129538716695461,011070,0.10666666666666667
2016-06-01,0.3571566666666666,-588.8,155.99029862,0.0365557060799892,0.11356547495873907,011070,-0.0076726342710997444
2020-06-01,0.4368790322580645,3915.7499999999995,196.16924366000003,7.4095630891200015,0.10846163153785086,011070,-0.6082949308755761
2013-03-01,0.4770983606557377,11344.75,-1.9735770275,-1.0347233263200002,0.10153876740698535,011170,0.22957198443579765
2014-03-01,0.45305322580645163,9827.9,-11.3285454893,0.07576038648000001,0.10253401496193101,011170,0.16258351893095768
2015-03-01,0.33737258064516124,5012.849999999999,-11.718631925000002,-0.2538704537999999,0.10368852234512235,011170,-0.2639751552795031
2013-03-01,0.5455360655737705,-7990.2,81.21690890300002,-1.58632867692,0.10981916599873708,011200,0.3908523908523909
2014-03-01,0.21835161290322572,-5183.049999999999,251.12679202,-0.24159336804,0.11240650761147256,011200,0.11587982832618025
2015-03-01,0.22415322580645142,246.1,206.08839589,-0.23170982256000003,0.11372194435433397,011200,0.15514018691588785
2013-03-01,0.7485262295081968,18701.3,0.09845311970000001,-0.17845239815999991,0.10686076184454492,011210,0.026706231454005934
2014-03-01,0.7399693548387097,18657.6,-7.6886211324,0.25897667220000004,0.10646868319221992,011210,0.028409090909090908
2015-03-01,0.7322338709677421,19313.1,5.2992981249,-0.2723102819999892,0.10661929177600608,011210,0.2116991643454039
2015-06-01,0.577155,4624.15,137.46720559,7.0693940916,0.10775237846461254,011210,0.2589928057553957
2016-06-01,0.40239166666666676,2106.7999999999997,144.31043406,4.70076675048,0.11068791184634973,011210,0.13495145631067962
2020-06-01,0.15031451612903224,3311.9999999999995,144.20104777,5.540797581480001,0.1205565709121667,011210,-0.3161904761904762
2013-03-01,0.6432786885245902,5702.849999999999,-20.309378232,-0.39489534827999995,0.1078589229798192,011780,0.23550724637681159
2014-03-01,0.6309693548387098,-786.5999999999999,5.2875701671,-1.2793741506,0.10999995078184095,011780,0.05081081081081081
2015-03-01,0.5476370967741936,4090.5499999999997,-15.170809849,0.33045806735999994,0.11030274155762623,011780,0.027261462205700124
2013-03-01,0.676872131147541,2113.7,7.9087554312,-0.5125679665199999,0.11720903096149536,011790,0.22062350119904076
2014-03-01,0.47555645161290333,1816.9999999999998,3.4827458549000005,-0.16525859868,0.1187686246188199,011790,-0.03685092127303183
2015-03-01,0.4034758064516128,2220.6499999999996,-8.140758684500002,0.0728183012399999,0.11860717818547308,011790,-0.37523809523809526
2013-03-01,1.153970491803279,42824.85,0.5146383073,0.2272922801999892,0.09291312422179789,012330,-0.06956521739130435
2014-03-01,1.0147548387096772,41174.6,2.1809556105999874,0.36207661176,0.09270917501821213,012330,-0.12903225806451613
2015-03-01,0.7498145161290323,41194.149999999994,5.6806088716000005,0.19096428348000002,0.09388813497363507,012330,-0.029227557411273485
2013-03-01,1.1596885245901638,2837.0499999999997,-31.972824194999987,-0.6101537846400001,0.10880787530806395,012450,-0.08045977011494253
2014-03-01,1.1183048387096775,2868.1,-6.058059273499987,-1.71280605888,0.10991643975366067,012450,-0.08022388059701492
2015-03-01,0.6605048387096774,-2572.5499999999997,14.01144576,-1.4249312315999894,0.11753127521015971,012450,-0.025974025974025976
2013-03-01,2.7119557377049173,3435.0499999999997,-0.8825683619999871,-0.7474003542000001,0.1108690076432461,012750,0.14670255720053835
2014-03-01,2.5718725806451617,2740.45,-3.836316477499987,-0.6356736813600001,0.10938471141835744,012750,-0.18508655126498003
2015-03-01,2.463048387096774,869.4,-5.539571445199988,0.35447336640000005,0.10962473765436659,012750,-0.180028129395218
2020-06-01,1.3816629032258063,1451.3,122.01296883100001,13.6407162024,0.11896533084750255,013890,-0.2882447665056361
2013-03-01,1.0179885245901636,821.0999999999999,-16.294185765,-1.8064236373199896,0.1356676266320505,014680,-0.042222222222222223
2014-03-01,1.0316322580645159,326.59999999999997,-11.3663279743,-0.5509588356,0.13268415146088855,014680,-0.1388888888888889
2015-03-01,1.361445161290323,658.9499999999999,-1.4792613355000002,0.9095958147600002,0.12642016248201265,014680,-0.3012345679012346
2015-06-01,1.7856016666666665,1010.8499999999999,156.89632218000003,14.521768884000002,0.12137276750504519,014680,-0.7880434782608695
2016-06-01,1.9956083333333332,2188.45,144.90709232999998,21.432763447200003,0.12165509973492313,014680,-0.1328358208955224
2013-03-01,0.3128836065573769,-3.4499999999999997,-0.142570987,-0.18306152712,0.13846252419539035,014820,-6.857142857142857
2014-03-01,0.25351290322580644,517.5,8.336968789500002,0.31459796387998923,0.1381276221472472,014820,-0.07727797001153403
2015-03-01,1.2436548387096777,105.8,212.58618342,0.21553138692,0.12483477289342548,014820,-0.5121951219512195
2013-03-01,0.44600655737704925,-3292.45,13.836352179,-1.54066540536,0.09493258368631897,015760,0.039619651347068144
2014-03-01,0.4337145161290323,110.39999999999999,0.9630117094,0.014914453320000002,0.0941417807276293,015760,-0.05499276410998553
2015-03-01,0.5947532258064516,4933.5,-3.3156756204,-1.6013734495199998,0.09298074295243292,015760,-0.07728337236533958
2013-03-01,0.03395081967213109,-2785.2999999999997,-10.049195605800001,0.76758797016,0.139428394105471,016380,0.17200474495848161
2014-03-01,0.02250322580645153,-3567.2999999999997,9.0623338052,0.18555176952000002,0.14154891841780903,016380,-0.4137291280148423
2015-03-01,0.01863548387096765,-26487.949999999997,578.3904717500001,-3.0832245637199898,0.14846743911546142,016380,-3.229390681003584
2013-03-01,0.7285131147540985,19003.75,-10.893730926,0.81722824668,0.09752459401511374,017670,-0.19933554817275748
2014-03-01,1.0740016129032257,26692.649999999998,-0.7221481826,-0.09657547164000001,0.09609481712130773,017670,0.05482456140350877
2015-03-01,1.2679161290322585,28927.1,-5.8892237118,0.28131888276,0.09430775888788762,017670,0.0
2013-03-01,0.7864081967213115,-29344.55,75.82319667000002,0.3752329417199892,0.11843666594131336,017800,0.2
2014-03-01,0.47397419354838705,-30443.949999999997,474.91262299000005,0.10232301672,0.12216548878101695,017800,0.034261241970021415
2015-03-01,0.4665903225806451,3117.6499999999996,12.590471675600002,0.27155532096,0.11752484051488091,017800,-0.3282051282051282
2015-03-01,3.8160900000000004,6138.7,-5.0001504007,0.44464999572,0.0948821877160199,018260,0.15880503144654087
2013-03-01,0.8005245901639343,2494.35,-7.969293711600001,-0.37110424967998923,0.11064676101828172,018880,-0.15113871635610765
2014-03-01,1.2262499999999996,3192.3999999999996,-6.195069693799987,0.42589643292,0.10668267380366135,018880,-0.32968536251709984
2015-03-01,1.0567725806451613,2965.85,4.854375871799987,-0.040700912400000004,0.10559281503945717,018880,0.19242902208201892
2013-03-01,0.9983327868852461,157.54999999999998,-10.9677897966,-0.5428176012,0.13762616225878488,019170,-0.0018796992481203006
2014-03-01,1.0601129032258065,159.85,-7.8515089406000005,-2.3909624712000004,0.13857291456023133,019170,-0.061946902654867256
2015-03-01,0.9945370967741936,-148.35,4.3680188708,-1.7309413864799998,0.13946101794523183,019170,-0.0783625730994152
2013-03-01,1.543690163934426,1231.6499999999999,7.1791511700999875,-0.93043469664,0.12432896030679522,020000,-0.04482758620689655
2014-03-01,1.617946774193548,2297.7,0.9384294100999871,0.6851501748000001,0.1238235516768334,020000,0.1592356687898089
2015-03-01,1.8041258064516132,1968.8,-2.6229470514,2.1517532366400003,0.12285326137192898,020000,-0.0265625
2016-06-01,1.7182033333333335,1002.8,17.915681238,14.920343607600001,0.11978299560713646,020000,-0.005115089514066497
2020-06-01,0.539374193548387,1130.4499999999998,29.570299862999985,11.639518970400001,0.12394086308771074,020000,-0.75
2013-03-01,1.0930377049180333,-1623.8,26.66753804,-1.4794086909599893,0.131858540816271,020150,-0.16847826086956522
2014-03-01,1.2429516129032256,-58.65,37.543947207,-1.6768401548400003,0.12865214491649052,020150,-0.18840579710144928
2015-03-01,0.9372241935483873,98.89999999999999,14.742797315999999,1.1734387336799892,0.13334190909435828,020150,-0.19448275862068964
2020-06-01,4.409050000000001,450.79999999999995,33.364425341,8.61261084576,0.11320142663267242,020150,-0.6077795786061588
2013-03-01,0.3548754098360655,364.54999999999995,-33.01012585,-1.4774273920800003,0.11827351764188783,020560,0.07987220447284345
2014-03-01,0.2809387096774194,-681.9499999999999,73.882388333,-0.5265276264,0.11973809213701643,020560,-0.037037037037037035
2015-03-01,0.29342096774193555,366.84999999999997,-128.508022955,0.16081107984,0.11504837243222926,020560,-0.27015558698727016
2013-03-01,1.7677655737704923,-65.55,20.63227894,-2.93117292756,0.10774388092656312,021240,-0.12528735632183907
2014-03-01,2.6253177419354827,1046.5,-2.6549526198,0.4858511047199999,0.10472354825156234,021240,-0.135258358662614
2015-03-01,3.359485483870967,3865.1499999999996,-12.349193349999986,-0.65832327072,0.10290435860915774,021240,-0.07647058823529412
2013-03-01,0.4531540983606558,42774.25,8.6241189593,0.19793717387998921,0.09862665092540875,023530,-0.06788511749347259
2014-03-01,0.4500645161290323,30675.1,1.0136124336,-0.030059334360000002,0.09911486162926031,023530,0.1748768472906404
2015-03-01,0.32576935483870983,20119.25,5.354419554900001,-0.42488383896,0.10182720680234329,023530,0.10714285714285714
2013-03-01,2.5566754098360667,-1028.1,-0.2035025369,0.2384928953999999,0.1181408847526733,026960,-0.33424657534246577
2014-03-01,4.025791935483872,1432.8999999999999,-0.09303516170000001,-0.5812522286399892,0.115230611807394,026960,0.05105105105105105
2015-03-01,5.218111290322581,1476.6,-2.5651572609,-0.4516245957599999,0.11087226220095557,026960,-0.36
2013-03-01,0.595211475409836,16298.949999999999,-16.776279052,-0.27696756492,0.10363421575205127,028050,0.218562874251497
2014-03-01,0.2028806451612903,-21997.199999999997,-121.146922793,4.692712327559989,0.1098732464852736,028050,-0.05286343612334802
2015-03-01,0.18248709677419347,1710.05,1.1356932600000003,-0.31651157052,0.11588412639923856,028050,-0.06639004149377593
2015-03-01,5.7402125,4926.599999999999,-23.854784447,0.4514319194399892,0.09521747664640985,028260,0.12573099415204678
2013-03-01,0.07326229508196716,-2630.0499999999997,48.327611735000005,3.1011783238799895,0.1194538702157599,028670,0.08695652173913043
2013-03-01,1.5452983606557378,997.05,36.61076080999999,0.7165102546799892,0.11053420527035732,030000,-0.12646370023419204
2014-03-01,1.3656645161290324,1121.25,-23.947653418,-0.00027324000000000006,0.10948248330504326,030000,0.11296296296296296
2015-03-01,0.8663741935483871,1189.1,-75.57693899600001,0.1818630651599892,0.11178634151475748,030000,-0.40233236151603496
2013-03-01,0.49854098360655735,4992.15,7.8921888058,-3.3787585317600004,0.10025955570023011,030200,0.002824858757062147
2014-03-01,0.3987290322580645,-765.9,16.905404555,-2.4686630982,0.10167876886126384,030200,0.043689320388349516
2015-03-01,0.387125806451613,-4963.4,0.5059156726,0.63891750348,0.10170925307416574,030200,0.08227848101265822
2013-03-01,0.7485262295081968,2264.35,4.8329470488,-3.75911236692,0.12539493409778685,031430,0.1354764638346728
2014-03-01,0.8858887096774196,5217.549999999999,-10.7238097915,1.343545326,0.12594801378463705,031430,0.11599099099099099
2015-03-01,1.1663000000000001,3292.45,-8.7057258327,0.7797091838399892,0.12457233390314965,031430,0.26926406926406926
2014-03-01,1.3853548387096775,175.95,-2.4811967739000003,1.4906435907600002,0.13546015439284104,032350,-1.4666666666666666
2015-03-01,5.470745161290323,35.65,-1.986592995399987,3.1853507418000007,0.13130548127993352,032350,-0.21323529411764705
2013-03-01,0.4467213114754099,-156.39999999999998,-7.855228104100001,0.38826112968000004,0.10770093316776026,032640,-0.06666666666666667
2014-03-01,0.5374403225806451,736.0,9.8202699933,-0.19084809384000004,0.10594083040346944,032640,0.04128440366972477
2015-03-01,0.46782096774193555,601.4499999999999,-5.2471617549,0.64997953308,0.10500871939128442,032640,0.05172413793103448
2020-06-01,0.5047403225806452,392.15,190.75338672,7.22126275092,0.10432511277137319,032640,-0.15639810426540285
2013-03-01,3.414559016393443,6594.099999999999,-11.571897507300001,-1.5077281226400001,0.09953911669038205,033780,0.026683608640406607
2014-03-01,2.8981693548387093,5157.75,-0.7615584327,-0.9913541076000001,0.09955953603168172,033780,-0.08695652173913043
2015-03-01,3.5280838709677416,7392.2,-3.9349772306000004,0.31673610792,0.09910869163185825,033780,-0.13427109974424553
2013-03-01,0.572160655737705,491.04999999999995,13.915386316000001,-0.1714495906799999,0.10566914350736184,034020,0.021810250817884406
2014-03-01,0.1928596774193548,887.8,-168.23301092000003,-0.22598070768,0.10764046207331954,034020,-0.02180232558139535
2015-03-01,0.13097580645161286,-1244.3,-15.786527965000001,-0.2990082448799892,0.11022556321117698,034020,-0.24395604395604395
2013-03-01,0.5185540983606559,749.8,-19.412527758,3.08853908928,0.09934290748125245,034220,-0.012698412698412698
2014-03-01,0.32137419354838714,1369.6499999999999,-11.2379682948,-0.2616375243599892,0.10057100164838384,034220,-0.07676767676767676
2015-03-01,0.48258870967741935,2906.0499999999997,-5.5289570401,1.17904282884,0.09848459022815866,034220,0.02945736434108527
2013-03-01,3.0984590163934427,8788.3,9.5186177099,0.6857056760400001,0.10492953548023538,034730,0.07559808612440191
2014-03-01,3.0365290322580645,4778.25,13.50759267,0.3900756301199892,0.1026898365902168,034730,-0.13688212927756654
2015-03-01,5.399367741935483,3324.6499999999996,-6.359736645600001,0.1394166718799892,0.0990315416554222,034730,-0.008676789587852495
2013-03-01,5.074039344262296,286.34999999999997,3.2518471661,-2.6168752836,0.10289321777103062,035250,-0.09598603839441536
2014-03-01,5.557241935483873,158.7,8.454171203400001,-5.7068540658,0.1026544422053168,035250,-0.004862236628849271
2015-03-01,5.7156435483870975,267.95,7.9720935034,-0.85716592956,0.10250696624128425,035250,-0.14356435643564355
2013-03-01,9.815360655737706,14285.3,6.1450396345,2.65355924292,0.09853142251802743,035420,-0.2175824175824176
2014-03-01,18.794412903225812,5438.349999999999,11.3158202534,0.5787902725199999,0.09378526775498586,035420,-0.06758620689655172
2015-03-01,15.229233870967741,17568.55,14.172171052000001,-0.6091934054400001,0.09422948685003589,035420,0.08207934336525308
2013-03-01,3.2540967213114755,6530.849999999999,-0.8709574198000001,-1.4054254045199892,0.11695859385620443,035720,0.01714898177920686
2014-03-01,2.854920967741936,5641.9,-0.10877779899999988,-1.9741559209200001,0.11933716262542539,035720,0.08
2015-03-01,9.87118064516129,3729.45,-13.788022534000001,29.4229105452,0.10151158458863925,035720,0.1588921282798834
2013-03-01,0.23300983606557368,5807.5,31.318440399999986,0.04545412956,0.1044345380604926,036460,0.043010752688172046
2014-03-01,0.15875322580645165,-3069.35,-19.22815142299999,0.3288388816799999,0.10351495118857726,036460,0.07302533532041729
2015-03-01,0.12464677419354837,5854.65,32.036821622,0.1261359853199891,0.10694086075165729,036460,0.17515274949083504
2013-03-01,7.162729508196722,4652.9,20.093224203,-3.3273529995599893,0.10899987633886898,036570,-0.01948051948051948
2014-03-01,6.881943548387099,9155.15,-0.9212106578999871,-0.04812772464,0.10579055659722757,036570,0.1083844580777096
2015-03-01,4.939985483870967,13247.999999999998,0.8713282902999999,1.6817417791200002,0.10665357119840757,036570,-0.00554016620498615
2013-03-01,2.8568721311475413,1307.55,4.5974393946,-1.3846189906799893,0.12248449705475911,039130,-0.17200674536256325
2014-03-01,2.597716129032259,3437.35,-10.3673481951,-1.39148239068,0.1219647067062591,039130,-0.09185185185185185
2015-03-01,2.5226467741935483,3424.7,12.4144214103,0.40118887223999994,0.1190050029063538,039130,-0.4489003880983182
2013-03-01,0.14312950819672135,-1415.6499999999999,76.79301896500002,-5.5452919863600005,0.10429208151760842,042660,0.029982363315696647
2014-03-01,0.21167096774193542,-5433.75,231.95502979999998,-10.52529090732,0.10314164973889045,042660,0.0830945558739255
2015-03-01,0.10759354838709674,-4705.799999999999,600.1333378300001,-6.6838090906800005,0.10784595981708196,042660,0.034666666666666665
2020-06-01,0.27390645161290317,2539.2,235.52645038,15.3891150372,0.11263592390961952,042660,-1.0492424242424243
2013-03-01,0.30627213114754104,2386.25,-117.834384629,-1.3409168587200002,0.11037232223920661,042670,0.09195402298850575
2014-03-01,0.25773225806451616,-685.4,-106.46500209800001,-0.03120452532,0.11038397666264577,042670,-0.10483870967741936
2015-03-01,0.2100887096774193,232.29999999999998,20.46032623699999,-0.1554572379599892,0.11166030534144619,042670,-0.20080726538849647
2013-03-01,0.6168327868852463,495.65,0.194175917,0.15806985732,0.10738335392042139,047040,0.09753694581280788
2014-03-01,0.44760322580645157,-2009.05,127.899911867,-8.30498937623999,0.10921421478517902,047040,-0.12129760225669958
2015-03-01,0.33438387096774197,293.25,-10.2326894033,-0.3760726967999892,0.1100348963770624,047040,-0.4186046511627907
2013-03-01,0.23676229508196728,2237.8999999999996,-54.065712909000005,-0.5330076328800001,0.10627665987106781,047050,0.05610972568578554
2014-03-01,0.27777419354838706,1396.1,42.970065944000005,-0.055733069520000005,0.10579885853483005,047050,0.05609756097560976
2015-03-01,0.24542580645161297,487.59999999999997,-6.800213873700001,0.20157952787998923,0.1086741061464004,047050,0.12664473684210525
2013-03-01,2.1290737704918032,-51.74999999999999,-9.302244183700001,-3.2900872550399893,0.11142612600759703,047810,0.009596928982725527
2014-03-01,1.887458064516129,1062.6,-4.4038489924,0.6683734969199893,0.10924438504597281,047810,-0.2103386809269162
2015-03-01,2.1532774193548385,1561.6999999999998,9.587846606,1.146041763479989,0.10600282449144884,047810,-0.41708542713567837
2015-06-01,2.115871666666667,514.05,148.13143592,9.8188065378,0.10327527627886898,047810,-0.3996478873239437
2016-06-01,2.446686666666667,887.8,164.63844579,12.341307744,0.10303686456503403,047810,-0.12098009188361408
2013-03-01,3.075408196721312,844.0999999999999,-8.3088585554,0.46227970296000004,0.11126829653475964,051600,0.06354515050167224
2014-03-01,2.5738064516129033,1705.4499999999998,-18.250841531,3.39420523932,0.11040524841960123,051600,-0.24632352941176472
2015-03-01,3.8076161290322585,4301.0,-13.296246249000001,4.1919134094,0.10696969284562936,051600,-0.2675324675324675
2013-03-01,3.5970000000000004,20844.899999999998,-15.449719245999999,-1.1863093356,0.09985754764331414,051900,0.053763440860215055
2014-03-01,2.6485241935483868,24507.649999999998,-9.6938535668,-1.0835018784,0.10144398222307208,051900,0.15533088235294118
2015-03-01,2.648875806451614,23968.3,-5.7597113353,-0.53264029356,0.09908763106042745,051900,-0.36084142394822005
2013-03-01,1.118054098360656,23365.699999999997,-8.4171950213,-0.7382875528800001,0.0949686770841258,051910,0.21176470588235294
2014-03-01,1.0214354838709678,19792.649999999998,-4.346474979600001,-0.6707695179600001,0.09576053052217419,051910,0.13013698630136986
2015-03-01,0.7041048387096777,13567.699999999999,-4.1396085315,-0.4992823054799999,0.09704453185980254,051910,-0.25555555555555554
2013-03-01,4.05587213114754,1229.35,9.0144092727,-1.7363394986400003,0.10907771834868588,052690,-0.24895688456189152
2014-03-01,3.135508064516129,-95.44999999999999,0.3588927901,-3.7940227329600003,0.1112190790532098,052690,-0.09317803660565724
2015-03-01,3.333993548387097,279.45,-14.473345691999988,-1.8733380354000004,0.11416080896138167,052690,0.028197381671701913
2015-06-01,2.3069850000000005,109.24999999999999,129.006327476,4.86189053244,0.11532879342673506,052690,0.18577494692144372
2016-06-01,1.8128516666666665,385.24999999999994,142.01722639000002,12.861302104800002,0.11850781521720748,052690,0.143317230273752
2020-06-01,1.746461290322581,152.95,55.714740926000005,8.95219345187999,0.12489395812221095,052690,0.009900990099009901
2013-03-01,2.318304918032787,-1670.9499999999998,13.566015099000001,0.21981548988000002,0.11516814341423304,057050,-0.1306122448979592
2014-03-01,2.9238370967741933,3814.5499999999997,-0.8589985911,0.3583279857599999,0.11280926486676313,057050,0.1741424802110818
2015-03-01,2.2606951612903226,3642.0499999999997,-2.3768729023,-0.48140588412000007,0.11555522596243908,057050,0.07913669064748201
2015-06-01,1.9340233333333336,3096.95,52.320214141,14.6921681736,0.11546224558424414,057050,0.05405405405405406
2016-06-01,1.7454533333333337,3872.0499999999997,32.988731321,17.541371955600003,0.11516849419827906,057050,0.019305019305019305
2020-06-01,0.8623306451612905,3518.9999999999995,60.56976330599999,5.815700892720001,0.12223032263274781,057050,-0.11498257839721254
2014-03-01,0.7292860465116279,2017.1,-153.58752565,-0.7152898082400001,0.11107410726945129,064350,0.0165016501650165
2015-03-01,0.47889677419354854,-226.54999999999998,12.3186619101,-1.6443473579999892,0.11537434828294126,064350,0.04020100502512563
2013-03-01,0.2494491803278688,420.9,-0.5563128961,-0.52553344752,0.09810221847642851,066570,-0.04645161290322581
2014-03-01,0.24155806451612913,1123.55,-3.5990854835,-0.22808520108,0.09929220075797437,066570,0.03134328358208955
2015-03-01,0.22116451612903215,2544.95,-6.668498090799999,-0.4603201833599999,0.09959616106832339,066570,-0.0017006802721088435
2013-03-01,16.767416393442627,361.09999999999997,-3.4003411195,0.7065764492400001,0.1046409758482783,068270,-1.0416666666666667
2014-03-01,12.145412903225806,-37.949999999999996,-2.2829421380999997,-10.785142725120002,0.10586606845466927,068270,-0.14137483787289234
2015-03-01,18.639000000000006,1278.8,-1.000989255499987,-3.1631236041599893,0.10407228416671181,068270,-0.7854406130268199
2013-03-01,1.9703983606557378,340.4,1.9503910907000002,-1.22909718168,0.11983773582283631,069260,0.060546875
2014-03-01,1.456732258064516,1554.8,0.5074026347,-0.35511424380000006,0.12063073313445401,069260,0.06911447084233262
2015-03-01,1.3937935483870971,1184.5,2.566540535,-0.6355337976000001,0.11927898063410908,069260,0.028517110266159697
2013-03-01,0.7762229508196723,1286.85,-2.6654276584,-0.07635889116000001,0.12533497407598013,069620,-0.32905982905982906
2014-03-01,1.5303951612903224,6506.7,11.597851868200001,-2.3426806337999895,0.12173511656883042,069620,0.11601513240857503
2015-03-01,1.2921774193548388,3514.3999999999996,22.241886380999997,-1.6679088799200001,0.12354458218542817,069620,0.09774436090225563
2013-03-01,2.533445901639345,16070.099999999999,0.359738033199987,-1.27220051628,0.10767818714194662,069960,-0.037383177570093455
2014-03-01,2.7362516129032253,14921.249999999998,5.1324236821,0.6719056671600001,0.1084149295123417,069960,0.11526479750778816
2015-03-01,2.2032064516129037,13399.8,-0.46345959010000004,1.9871226212399893,0.10926731907448967,069960,-0.20647773279352227
2013-03-01,0.35791311475409837,1185.6499999999999,-79.181331346,0.06847717860000001,0.11571287582429006,073240,0.04198473282442748
2014-03-01,0.3797419354838708,799.2499999999999,-30.453733011000004,0.3708829296,0.11322307838380963,073240,-0.20361990950226244
2015-03-01,0.4609645161290323,988.9999999999999,-14.235012324000001,-0.24985253304000002,0.11572252326314228,073240,0.06945863125638406
2020-06-01,0.352667741935484,-320.84999999999997,291.56164661,-4.069974266279989,0.12106319601990842,073240,0.014705882352941176
2013-03-01,0.8475196721311474,5999.549999999999,-0.3652100685999999,-1.1995314591600001,0.10321970212503588,078930,0.14533333333333334
2014-03-01,0.6007306451612903,4344.7,-0.7607795637,-1.6307381764800002,0.10556814462289037,078930,0.1453900709219858
2015-03-01,0.4402193548387097,-4213.599999999999,14.464560435000001,-2.4920997051600002,0.1071704682131358,078930,-0.07653701380175659
2016-06-01,1.340336666666667,1148.85,295.19329203,7.279088835599988,0.11236703390435888,079550,0.07962085308056872
2020-06-01,0.4321322580645161,1189.1,392.55061222,8.21790727956,0.1252139467415836,079550,-0.5463917525773195
2013-03-01,0.8373344262295083,14286.449999999999,-9.2120410343,-0.2732889596399892,0.1251684239470136,081660,-0.04258675078864353
2014-03-01,1.2120096774193554,11189.5,-19.36177503,-0.76472133156,0.12176736814973359,081660,-0.10401002506265664
2015-03-01,1.6093322580645164,6545.799999999999,1.2604441694000001,-1.9462329486000003,0.11881315404149313,081660,0.04
2013-03-01,0.9545540983606556,5932.849999999999,-11.730898432500002,0.37567495980000004,0.10197876625330338,086280,0.1431818181818182
2014-03-01,0.7858548387096775,14759.099999999999,-20.069472722,-0.15057130932,0.10116508208105716,086280,-0.0757238307349666
2015-03-01,0.9127870967741936,2471.35,-0.11033261850000001,-6.5448e-05,0.10051659568915725,086280,0.26742301458670986
2013-03-01,3.1733295081967214,44942.0,-1.3170780077000002,-2.8089373168800003,0.10309413037059041,090430,0.1925619834710744
2014-03-01,2.0928,44668.299999999996,4.3868867601,-1.5614024335199892,0.10258442905465658,090430,-0.2512413108242304
2015-03-01,4.874585483870969,63195.95,2.6155542386999997,-1.98540396648,0.09600323006240526,090430,-0.43991416309012876
2013-03-01,2.051165573770492,-48.3,4.239676274599987,-1.5770454613199894,0.1302118526440806,093370,0.04632426988922457
2014-03-01,1.5478,-403.65,6.158153497599987,0.54486441288,0.13373622657853798,093370,-0.21932515337423314
2015-03-01,1.240314516129032,-926.9,189.3286278,-0.65243000988,0.13571725290281159,093370,-0.04874213836477988
2013-03-01,0.24426721311475413,14627.999999999998,-28.644517096,-0.32603087196,0.09669330414341913,096770,0.09497206703910614
2014-03-01,0.20077096774193542,9006.8,8.005168314,-0.7543002344400002,0.09851785206489495,096770,0.12857142857142856
2015-03-01,0.13097580645161286,-7364.599999999999,-3.8181992887999874,-0.89647340436,0.10087283012766074,096770,-0.1357142857142857
2013-03-01,0.8003459016393443,21124.35,-2.6435546319000003,-0.33138293724,0.10537013237318936,097950,0.03729281767955801
2014-03-01,0.4096290322580644,9536.949999999999,-3.640710778899987,-0.28639241172,0.10770062636889334,097950,-0.026833631484794274
2015-03-01,0.5177500000000003,7509.499999999999,-6.1473058192000005,0.24595762536000002,0.10534786383066036,097950,-0.24752475247524752
2013-03-01,0.34969344262295077,2528.85,-9.286699520800001,-0.98497701,0.12181229332942188,103140,0.19852941176470587
2014-03-01,0.2902564516129032,2479.3999999999996,-11.9217364981,-0.21330803412000002,0.1232699844633188,103140,0.07775768535262206
2015-03-01,0.2668741935483872,3022.2,-11.3641022846,0.1220189723999891,0.12408298836889942,103140,0.004032258064516129
2013-03-01,0.6924180327868853,212.74999999999997,43.877753569,-1.7399604124800003,0.1256189187332712,105630,0.023880597014925373
2014-03-01,0.6926774193548386,1224.75,-9.379731955099986,-0.26546460696,0.12218221745876665,105630,-0.15721649484536082
2015-03-01,1.3401725806451614,1775.6,-10.978023245800001,0.07701397704,0.11559186611897967,105630,-0.062261753494282084
2016-06-01,1.5999383333333337,470.34999999999997,151.80930544,6.37873247808,0.11404851835266809,105630,0.3157894736842105
2013-03-01,1.5379721311475407,3345.35,-5.240282622900001,-2.81334600756,0.11499749020333647,111770,-0.21726618705035972
2014-03-01,1.542174193548387,2889.95,-1.9950378357,-3.5745262286400004,0.11483175217781476,111770,0.0075282308657465494
2015-03-01,2.552358064516129,3324.6499999999996,0.9427551406,-2.18276773488,0.111773354808878,111770,0.0018315018315018315
2015-06-01,0.6761633333333333,813.05,34.42624576299999,24.487003231200003,0.12484154882608818,112610,0.07256894049346879
2016-06-01,0.6154866666666668,867.0999999999999,35.429181840000005,8.517481286759999,0.13212004030568744,112610,0.05432098765432099
2013-03-01,3.9479442622950818,1038.4499999999998,-12.3032367965,0.6604371223199892,0.1137633628201624,114090,-0.10427350427350428
2014-03-01,5.138646774193548,474.95,0.5530039905,-2.35113659964,0.11071458241687039,114090,-0.08426270136307311
2015-03-01,4.48956935483871,577.3,16.638658569,0.0033130296,0.11194402536007156,114090,-0.15045592705167174
2015-06-01,4.5453,598.0,91.34924559800001,35.26127924040001,0.11140647474881359,114090,0.17066666666666666
2016-06-01,3.1130400000000003,499.09999999999997,69.350524464,33.30677628360001,0.11462390681990413,114090,-0.19594594594594594
2020-06-01,2.4985612903225802,273.7,79.26118393700001,26.069123192400003,0.12094293556041139,114090,-0.011811023622047244
2013-03-01,0.31341967213114746,7737.2,-12.438419949799988,-0.35865803268,0.11564280821686995,120110,0.14508580343213728
2014-03-01,0.31434193548387096,5118.65,-11.426943106800001,0.1706518821599999,0.11674426718773791,120110,-0.046153846153846156
2015-03-01,0.29342096774193555,1911.3,-16.5594572,0.3756775626,0.11730277553755965,120110,-0.056962025316455694
2013-03-01,1.5992622950819673,3147.5499999999997,-10.1257454129,1.1389782416399892,0.1180660320629822,128940,-0.3760330578512397
2014-03-01,1.7046193548387099,6109.95,3.0962278776,0.1600454311199892,0.1175014633665662,128940,-0.02702702702702703
2015-03-01,1.2037467741935481,4232.0,3.208313771,-0.5336968305600001,0.11766670795894718,128940,-1.2425742574257426
2013-03-01,0.8879032786885246,17529.449999999997,1.4347859396,-0.5751491270400001,0.1033365571102016,139480,0.06976744186046512
2014-03-01,0.6056532258064516,19284.35,-0.41199006290000006,-0.19947660480000004,0.10243805215892186,139480,0.0962962962962963
2015-03-01,0.4933129032258065,11969.199999999999,0.9147426782,-0.27709499628,0.10362901856981148,139480,-0.11750599520383694
2014-03-01,3.655895161290323,6851.7,-11.824554452100001,0.08135445492,0.10193254492103616,161390,-0.008347245409015025
2015-03-01,1.0040306451612904,6503.249999999999,-5.260333540799987,-0.1576275584399892,0.10362043183418279,161390,0.12112403100775193
2015-06-01,2.6892116666666666,587.65,115.66540163100001,12.3732130932,0.11406070745165943,161890,-0.423562412342216
2016-06-01,3.8044633333333335,726.8,84.434392796,12.6921826584,0.11349427297551949,161890,-0.19617224880382775
2015-06-01,2.610731666666667,296.7,29.828264102000002,28.97013249,0.13063371955675837,178920,-0.1152073732718894
2016-06-01,2.376018333333334,185.14999999999998,43.281826172,22.143965230800003,0.13403794060219223,178920,0.051923076923076926
2020-06-01,4.698954838709678,485.29999999999995,70.51553702700001,25.76483379719999,0.12099344133289142,178920,-0.12966601178781925
2015-03-01,3.5934838709677432,9278.199999999999,-47.644836512000005,-1.3275227710800002,0.11491714240441821,180640,-0.144
2015-03-01,8.019411290322578,445.04999999999995,-1.2801843756,-1.5361583979599893,0.12618465663049863,185750,-0.05727554179566564
2015-06-01,1.088546666666667,747.4999999999999,104.95252456,8.98812152675999,0.12284711823276434,185750,-0.34074074074074073
2016-06-01,2.318066666666667,679.65,116.695769567,4.415330147400001,0.11886805893580189,185750,0.21071428571428572
2016-06-01,4.818708333333335,410.54999999999995,5.1023897938000005,17.11875527639999,0.12459083694509972,192080,-0.0584144645340751
2020-06-01,1.8612629032258068,2195.35,76.370741317,30.161288174400006,0.11843166809381499,192080,-0.659043659043659
2016-06-01,2.7778650000000003,1100.55,514.3044836800001,8.14177501883999,0.1168455754912954,192820,-0.3531746031746032
2020-06-01,0.7531548387096776,384.09999999999997,100.37208792,8.81090119475999,0.11125740373583333,241560,-0.2523809523809524
2020-06-01,0.5506258064516131,100.05,248.49971354,4.182879729960001,0.12057085430529668,272210,-0.17976031957390146
2020-06-01,0.5022790322580645,799.2499999999999,351.96526157000005,1.43261722548,0.11076007061121003,282330,-0.09019607843137255
2020-06-01,0.31434193548387096,2657.6499999999996,133.67751163,14.73140652839999,0.11718860136960689,294870,-0.34394904458598724
2020-06-01,0.36954516129032267,1635.3,72.269596867,5.8344588046800006,0.13230031532811187,300720,-0.32038834951456313
2020-06-01,2.0757467741935476,-55.199999999999996,299.62611991000006,-24.9577443864,0.12278964846436799,336260,-5.12476370510397
