,Kospi지수,원/달러 환율,원/엔 환율,국고채 3년 금리(%),국고채 10년 금리(%),kospi_per,kospi_pbr,vkospi200,g10_esi(%),wti,ustb_2y(%),ustb_10y(%),ustips_10y(%),vix(%),EPU index,usa_pmi,china_pmi,kr_export(%),kr_cpi_yoy(%),uscpi_yoy(%),treasury_10_3_diff(%),us_10_2_diff(%),us_e_infla(%),kr_real_rate(%)
2007-07-01,1933.27,918.1363636363636,7.555909090909092,5.336666742380952,5.520952450952381,16.88,1.79,23.600476190476193,11.55,74.18,4.819047619047619,5.0042857142857144,2.6366666666666663,17.273333333333333,38.93387096774194,52.4,53.2,17.2,2.5,2.7,0.18428570857142848,0.18523809523809526,2.61441,2.8366667423809524
2007-08-01,1873.24,934.8543478260867,8.000565217391305,5.269090934090908,5.403636389090909,16.35,1.73,34.54227272727273,14.4,72.39,4.313043478260869,4.6747826086956525,2.438260869565218,25.02608695652174,81.75161290322579,50.9,53.4,13.6,2.0,2.4,0.13454545499999995,0.3617391304347826,2.65344,3.269090934090908
2007-09-01,1946.48,929.2099999999998,8.06845,5.388823536470588,5.522352975294118,16.99,1.8,31.315882352941177,5.0,79.93,4.011578947368421,4.52157894736842,2.2573684210526324,22.198947368421056,79.89133333333332,51.0,55.0,-1.1,2.3,2.0,0.13352943882352938,0.51,2.57405,3.0888235364705885
2007-10-01,2064.8501,914.413043478261,7.880695652173913,5.426363577272728,5.552727264545454,18.22,1.9,30.429090909090906,-12.925,86.2,3.967727272727272,4.527727272727272,2.202272727272727,19.11565217391305,72.21290322580644,51.1,55.2,22.9,3.0,2.8,0.12636368727272726,0.56,2.29205,2.4263635772727277
2007-11-01,1906.0,917.7136363636364,8.249105263157896,5.517727202272727,5.591818138181817,16.89,1.76,35.67545454545454,-21.299999999999997,94.62,3.3365,4.1485,1.768,25.58238095238096,64.19,50.5,52.8,17.0,3.5,3.5,0.07409093590909094,0.812,2.632,2.0177272022727273
2007-12-01,1897.13,931.4047619047617,8.26025,5.883684283684211,5.831111112222222,16.84,1.75,29.44722222222222,6.633333333333333,91.73,3.117,4.0975,1.7889999999999997,21.651000000000003,91.99612903225808,49.0,53.3,14.8,3.6,4.3,-0.05777785611111143,0.9804999999999998,2.54378,2.283684283684211
2008-01-01,1624.6801,942.1652173913043,8.72608695652174,5.470869582608697,5.564347806086956,14.48,1.51,29.44727272727273,8.575,92.95,2.4757142857142855,3.744285714285714,1.4690476190476192,25.816190476190474,182.06129032258065,50.3,53.2,14.9,3.9,4.1,0.0934782234782608,1.2685714285714285,2.46662,1.570869582608697
2008-02-01,1711.62,943.795238095238,8.802238095238096,5.053888928333333,5.275555556666666,15.23,1.58,30.384444444444448,-4.075,95.35,1.9729999999999996,3.7375,1.4050000000000002,25.455999999999996,118.06724137931032,47.6,52.8,18.9,3.6,4.3,0.22166662833333323,1.7645000000000004,2.29779,1.4538889283333325
2008-03-01,1703.99,981.3324999999999,9.738299999999999,5.1519047195238095,5.367142836190477,15.39,1.59,30.74095238095238,-9.5,105.56,1.6169999999999998,3.5100000000000002,1.0909999999999997,27.103499999999997,121.86903225806452,48.3,54.4,18.4,3.9,4.0,0.21523811666666676,1.8929999999999996,1.93368,1.2519047195238096
2008-04-01,1825.47,986.5045454545452,9.599318181818184,4.979999906190477,5.163333347142857,14.47,1.52,25.094761904761906,-11.033333333333333,112.57,2.0472727272727274,3.675,1.3622727272727273,21.562727272727273,100.46599999999998,48.8,55.4,26.4,4.1,4.0,0.183333440952381,1.6277272727272725,2.0175,0.8799999061904771
2008-05-01,1852.02,1034.3454545454547,9.905363636363637,5.273157923684211,5.491578931052632,14.69,1.54,22.274736842105263,-21.1,125.39,2.4457142857142857,3.8800000000000003,1.4600000000000002,18.30333333333333,84.73419354838708,48.8,54.7,26.9,4.9,3.9,0.2184210073684212,1.434285714285714,2.28684,0.37315792368421086
2008-06-01,1674.92,1031.642857142857,9.64061904761905,5.668333318888888,5.8714999915,13.31,1.4,23.794999999999998,-20.924999999999997,133.93,2.7738095238095237,4.0995238095238085,1.6285714285714283,22.11047619047619,98.48100000000001,49.8,53.3,16.4,5.5,4.2,0.192222223888889,1.3257142857142856,2.72851,0.16833331888888825
2008-07-01,1594.67,1015.5782608695652,9.483391304347824,5.97249999,6.021739130000001,12.67,1.33,25.726521739130437,-18.275,133.44,2.5731818181818182,4.007727272727273,1.5690909090909089,24.322272727272733,101.74806451612903,50.0,53.3,35.6,5.9,5.0,0.040500021000000164,1.4345454545454546,2.94902,0.07249998999999985
2008-08-01,1474.24,1045.795238095238,9.549238095238096,5.767500019,5.898500037,11.46,1.22,24.7715,-22.925,116.61,2.4204761904761902,3.885714285714286,1.676190476190476,20.695714285714285,91.43612903225808,49.2,49.2,18.1,5.6,5.6,0.131000018,1.4652380952380955,3.05254,0.16750001900000022
2008-09-01,1448.0601,1133.740909090909,10.628818181818183,5.813333330000001,5.974285739047619,11.25,1.2,31.31904761904762,-17.9,103.9,2.076190476190477,3.6861904761904754,1.85,30.297619047619047,183.9743333333333,44.8,47.7,27.6,5.1,5.4,0.160952409047619,1.6099999999999999,2.73093,0.7133333300000011
2008-10-01,1113.0601,1321.963043478261,13.245434782608696,5.092272714545455,5.519999980555556,8.84,0.93,61.14318181818181,-29.133333333333336,76.65,1.6122727272727275,3.8140909090909103,2.752272727272728,61.177391304347836,243.4674193548387,38.9,45.2,7.8,4.8,4.9,0.5088888538888887,2.2018181818181817,1.60724,0.29227271454545534
2008-11-01,1076.0699,1397.2400000000002,14.46675,4.927999997500001,5.709333293333334,8.57,0.9,70.2945,-70.10000000000001,57.44,1.2127777777777775,3.526666666666667,2.8883333333333336,62.66894736842105,220.64866666666663,36.5,40.9,-19.5,4.5,3.7,0.7619999566666666,2.3138888888888887,0.78457,0.4279999975000006
2008-12-01,1124.47,1358.9695652173912,14.907608695652176,4.058055546666666,4.921578934210527,8.99,0.94,56.31095238095237,-98.25,41.02,0.820909090909091,2.4163636363636365,2.1700000000000004,52.35590909090911,165.27870967741933,33.1,41.2,-17.9,4.1,1.1,0.9078124906249999,1.5954545454545455,0.283,-0.04194445333333352
2009-01-01,1162.11,1350.1795454545454,14.944954545454545,3.4447222422222223,4.414444473333333,9.26,0.97,47.763684210526314,-84.6,41.74,0.807,2.5175,1.9120000000000001,44.683,215.21741935483874,34.9,42.2,-34.5,3.7,0.1,1.00794119,1.7105000000000001,0.47358,-0.25527775777777784
2009-02-01,1063.03,1438.3600000000001,15.4847,3.763250007,5.2183333238888885,8.47,0.89,47.6255,-47.43333333333334,39.16,0.9752631578947369,2.87,1.7521052631578946,45.57052631578947,238.85999999999993,35.5,45.1,-18.5,4.1,,1.445833323888889,1.894736842105263,0.38165,-0.33674999299999975
2009-03-01,1206.26,1448.2568181818183,14.812999999999999,3.6740909168181815,4.965714294761905,9.01,1.01,41.29363636363637,-42.9,47.98,0.9313636363636363,2.819545454545455,1.7090909090909088,44.79545454545454,189.9348387096774,36.0,44.8,-22.5,3.9,0.2,1.2985714261904762,1.8881818181818182,-0.48068,-0.22590908318181846
2009-04-01,1369.36,1331.0159090909087,13.451409090909094,3.7656818413636355,4.908181860454546,10.93,1.15,36.45772727272728,-18.125,49.79,0.927142857142857,2.927142857142857,1.5676190476190477,38.06380952380953,139.21699999999998,39.5,50.1,-19.9,3.6,-0.4,1.142500019090909,2.0,1.22894,0.1656818413636354
2009-05-01,1395.89,1254.042857142857,12.991428571428571,3.8197368194736843,5.048823495294117,18.54,1.11,32.88842105263157,28.450000000000003,59.16,0.9295000000000002,3.2930000000000006,1.7169999999999999,31.977999999999998,122.90709677419356,41.7,51.2,-29.4,2.7,-0.7,1.2294117547058825,2.3635,1.29725,1.119736819473684
2009-06-01,1390.0699,1259.5681818181818,13.027727272727276,4.084761915238095,5.245909084545454,18.39,1.1,30.858636363636357,51.625,69.68,1.1840909090909093,3.721818181818182,1.8622727272727273,29.140454545454546,107.17366666666666,45.8,51.8,-13.6,2.0,-1.3,1.1614285652380953,2.537727272727273,1.27451,2.0847619152380954
2009-07-01,1557.29,1259.9530434782607,13.325913043478264,4.096086958260869,5.1865217365217395,20.55,1.23,25.54434782608696,30.975,64.09,1.0190909090909093,3.5622727272727275,1.8227272727272732,26.16272727272727,121.4583870967742,49.9,52.8,-22.1,1.6,-1.4,1.0904347782608697,2.5431818181818184,1.55223,2.4960869582608693
2009-08-01,1591.85,1238.004761904762,13.02647619047619,4.407142820476191,5.43523809095238,22.08,1.26,25.502857142857142,38.0,71.06,1.1152380952380951,3.587142857142857,1.7738095238095235,25.337142857142858,94.85806451612905,53.5,55.1,-20.9,2.2,-2.1,1.0280952704761905,2.4719047619047623,2.02453,2.207142820476191
2009-09-01,1673.14,1211.5295454545453,13.252045454545453,4.384227298181818,5.370909103636364,23.13,1.32,22.685000000000002,46.2,69.46,0.9561904761904763,3.401904761904762,1.6419047619047622,24.92666666666667,91.19866666666668,54.4,55.0,-9.4,2.2,-1.5,0.9866818054545455,2.4457142857142853,2.36081,2.184227298181818
2009-10-01,1580.6899,1172.9772727272725,12.960227272727273,4.467380956190476,5.438095250476191,21.8,1.25,23.317142857142862,29.55,75.82,0.9490476190476189,3.3876190476190478,1.4833333333333334,24.25227272727273,81.96032258064515,56.0,55.4,-8.5,2.0,-1.3,0.9707142942857144,2.438571428571428,1.62836,2.4673809561904756
2009-11-01,1555.6,1162.0,13.018095238095238,4.332142875714287,5.389999979523809,21.47,1.23,22.364761904761906,1.8249999999999997,78.08,0.8031578947368421,3.4026315789473687,1.2752631578947367,23.788999999999998,111.37866666666667,54.4,55.7,17.9,2.4,-0.2,1.0578571038095237,2.599473684210526,1.80703,1.9321428757142871
2009-12-01,1682.77,1163.2113636363633,12.913136363636363,4.240238121428572,5.3060000895,23.68,1.34,20.41809523809524,6.9,74.3,0.8745454545454546,3.5899999999999994,1.3645454545454547,21.23954545454545,129.59,55.3,56.1,32.8,2.8,1.8,1.0752500535,2.7154545454545453,1.7866,1.440238121428572
2010-01-01,1602.4301,1139.054761904762,12.474095238095236,4.2914000515,5.3520000439999995,22.52,1.28,20.2605,-3.1333333333333333,78.22,0.9289473684210525,3.7331578947368427,1.3747368421052635,20.643157894736845,156.72870967741932,57.2,57.4,45.4,3.5,2.7,1.0605999925,2.8042105263157895,1.69576,0.7914000515000001
2010-02-01,1594.58,1155.2524999999998,12.79625,4.186842090526316,5.296315818421053,22.72,1.28,21.366315789473685,11.600000000000001,76.42,0.8568421052631577,3.691052631578947,1.418947368421053,22.54,151.77142857142854,55.8,55.8,30.1,3.0,2.6,1.109473727894737,2.8342105263157893,1.73162,1.1868420905263157
2010-03-01,1692.85,1136.0586956521743,12.506434782608697,3.9377272772727268,4.912727334545455,24.35,1.36,18.15181818181818,14.125,81.24,0.958695652173913,3.7273913043478255,1.5082608695652173,17.76739130434782,110.02806451612905,58.8,57.0,33.8,2.5,2.1,0.9750000572727273,2.7686956521739132,1.97014,1.4377272772727268
2010-04-01,1741.5601,1115.565909090909,11.90840909090909,3.7863636327272725,4.910454512272728,15.4,1.27,17.328181818181818,29.924999999999997,84.48,1.0604545454545458,3.8468181818181817,1.5009090909090907,17.424285714285713,87.81633333333335,58.1,55.2,29.6,2.6,2.3,1.1240908795454543,2.7863636363636366,1.5872,1.1863636327272724
2010-05-01,1641.25,1166.333333333333,12.689714285714285,3.695263158947369,4.956842072105263,14.84,1.22,24.537894736842105,51.03333333333333,73.84,0.8305,3.4200000000000004,1.307,31.929499999999997,118.88548387096775,58.3,52.7,39.8,2.7,2.2,1.2615789131578947,2.5895,1.56296,0.9952631589473686
2010-06-01,1698.29,1214.2499999999998,13.353636363636362,3.7488095423809527,4.930952300952382,15.17,1.26,21.022857142857138,35.875,75.35,0.7245454545454545,3.2040909090909087,1.256818181818182,29.916363636363634,127.63266666666668,56.4,50.4,30.5,2.7,2.0,1.1821427585714284,2.4795454545454545,1.35322,1.0488095423809525
2010-07-01,1759.33,1204.522727272727,13.73931818181818,3.886136346818182,4.903181771363635,15.01,1.29,19.87363636363636,14.375,76.37,0.6166666666666666,3.0114285714285716,1.2409523809523808,25.5652380952381,176.8041935483871,56.4,49.4,26.7,2.5,1.1,1.0170454245454545,2.394761904761905,0.9628,1.3861363468181822
2010-08-01,1742.75,1179.5909090909086,13.800136363636364,3.726136359545455,4.675909063181819,14.94,1.28,18.471363636363634,7.425,76.82,0.5204545454545455,2.6986363636363637,1.021818181818182,24.74590909090909,161.46967741935484,58.0,51.9,26.0,2.7,1.2,0.9497727036363636,2.178181818181818,1.34112,1.026136359545455
2010-09-01,1872.8101,1160.647727272727,13.739090909090912,3.4868421315789475,4.287368348947369,16.11,1.37,16.380526315789474,16.975,75.31,0.4799999999999999,2.6476190476190475,0.9090476190476189,22.517619047619046,213.92533333333333,56.3,52.9,16.2,3.4,1.1,0.8005262173684211,2.1676190476190476,0.90714,0.0868421315789476
2010-10-01,1882.95,1121.0595238095239,13.689333333333334,3.2388095161904764,4.101428622380952,16.22,1.38,17.05047619047619,20.3,81.9,0.376,2.54,0.5249999999999999,20.373333333333335,229.3158064516129,57.7,54.8,27.6,3.7,1.1,0.8626191061904764,2.1640000000000006,1.36526,-0.46119048380952377
2010-11-01,1904.63,1129.4181818181817,13.640363636363634,3.403454530454546,4.476363594090909,16.47,1.39,19.835909090909094,27.875,84.14,0.454,2.7630000000000003,0.666,20.095714285714283,169.8963333333333,57.6,55.3,21.4,3.0,1.2,1.0729090636363636,2.309,1.39624,0.40345453045454605
2010-12-01,2051.0,1144.5521739130436,13.732521739130435,3.2495454545454545,4.447272689545454,17.8,1.5,17.721818181818183,32.15,89.04,0.618181818181818,3.2909090909090906,1.044090909090909,17.56954545454545,157.47000000000003,57.5,54.4,22.6,3.0,1.1,1.208571399047619,2.6727272727272724,1.49387,0.24954545454545451
2011-01-01,2069.73,1118.4642857142858,13.517619047619045,3.6923809385714286,4.6857142228571425,17.92,1.52,15.823809523809524,39.875,89.42,0.6144999999999998,3.3940000000000006,1.0605,17.315499999999997,139.74677419354842,59.0,54.5,44.7,3.4,1.5,0.9933332842857141,2.7794999999999996,1.79005,0.29238093857142866
2011-02-01,1939.3,1117.8349999999998,13.519300000000001,3.945882347647059,4.757058816470588,16.76,1.43,18.618823529411767,38.766666666666666,89.58,0.7726315789473684,3.5763157894736843,1.2378947368421054,17.430000000000003,118.35964285714286,59.3,51.7,16.4,3.9,1.6,0.8111764688235295,2.8036842105263156,1.95474,0.045882347647058896
2011-03-01,2106.7,1119.0326086956522,13.708869565217393,3.739772754090909,4.509090814545455,18.39,1.55,18.37727272727273,27.225,102.94,0.6973913043478263,3.4143478260869564,0.9639130434782608,20.723478260869566,140.79451612903227,59.1,51.8,28.8,4.1,2.1,0.7693180604545454,2.7169565217391307,2.10638,-0.3602272459090905
2011-04-01,2192.3601,1083.1238095238095,13.00585714285714,3.7480952404761902,4.482857068571429,13.23,1.44,17.966190476190476,17.35,110.04,0.7344999999999999,3.4549999999999996,0.8634999999999999,16.244000000000003,116.03166666666667,58.9,51.8,23.5,3.8,2.7,0.734761828095238,2.7205,2.07574,-0.051904759523809574
2011-05-01,2142.47,1084.1590909090908,13.337181818181817,3.6624999535000002,4.3355000255,12.98,1.41,19.227,-18.099999999999998,101.33,0.5552380952380952,3.168571428571429,0.7785714285714287,16.91142857142857,93.21774193548389,53.7,51.6,21.7,3.9,3.2,0.673000072,2.613333333333334,2.2923,-0.23750004649999967
2011-06-01,2100.6899,1080.3454545454547,13.407636363636362,3.6480952219047618,4.240476222857143,12.76,1.38,19.806666666666665,-49.85,96.29,0.4104545454545454,3.002272727272728,0.7554545454545455,19.153181818181817,126.05866666666665,56.6,50.1,11.1,4.2,3.6,0.592381000952381,2.591818181818182,2.1177,-0.5519047780952384
2011-07-01,2133.21,1057.7690476190476,13.323857142857142,3.766666661904762,4.226190476666666,12.84,1.39,19.14,-46.76666666666667,97.19,0.40650000000000003,3.003,0.6235,19.227500000000003,200.15064516129033,52.9,49.3,21.1,4.5,3.6,0.4595238147619048,2.5965000000000003,2.43235,-0.733333338095238
2011-08-01,1880.11,1073.8456521739129,13.914434782608692,3.5734090813636374,3.9604545609090906,11.16,1.22,33.37045454545454,-49.8,86.33,0.23043478260869568,2.303043478260869,0.1475,35.02913043478261,253.91870967741934,53.0,49.9,25.5,4.7,3.6,0.38704547954545454,2.072608695652174,1.51131,-1.1265909186363627
2011-09-01,1769.65,1119.5681818181818,14.548545454545456,3.4384999995000003,3.75150001,10.48,1.15,38.8535,-48.824999999999996,85.61,0.2114285714285714,1.9752380952380955,0.09205555555555554,36.53000000000001,221.5066666666667,52.8,49.9,18.0,3.8,3.8,0.31300001050000004,1.7638095238095237,1.00888,-0.36150000049999953
2011-10-01,1909.03,1151.4595238095237,14.99504761904762,3.467500019,3.851499974,11.36,1.24,35.11,-14.549999999999999,86.41,0.2805,2.152,0.186,32.82904761904762,133.75290322580645,51.8,51.0,7.6,3.6,3.9,0.383999955,1.8715,1.46561,-0.13249998100000004
2011-11-01,1847.51,1133.9863636363636,14.599999999999996,3.3919545295454543,3.8009090399999987,11.01,1.2,33.17363636363636,7.3,97.21,0.2535,2.0134999999999996,0.020526315789473684,31.94190476190476,133.72266666666664,52.1,47.7,11.5,4.2,3.5,0.40895451045454545,1.7599999999999998,1.50525,-0.8080454704545459
2011-12-01,1825.74,1148.9990909090907,14.747181818181817,3.3588636331818176,3.8114285104761905,10.9,1.19,27.133333333333336,29.975,98.57,0.2571428571428572,1.9780952380952381,0.00255,25.047619047619047,186.00387096774196,53.1,48.7,8.2,4.2,3.4,0.4507142247619048,1.720952380952381,1.71166,-0.8411363668181826
2012-01-01,1955.79,1140.831818181818,14.818545454545456,3.368899967,3.790999958999999,11.72,1.27,24.6655,33.199999999999996,100.24,0.2405,1.9665,-0.00994736842105263,20.228,156.16677419354838,52.8,48.8,-7.3,3.3,3.0,0.42209999199999987,1.7259999999999998,1.47144,0.06889996700000012
2012-02-01,2030.25,1122.3404761904765,14.267000000000001,3.431190513333334,3.8133332699999998,12.16,1.33,21.33857142857143,35.825,102.25,0.2779999999999999,1.9674999999999998,-0.025450000000000007,18.4205,112.6948275862069,52.4,49.6,20.4,3.0,2.9,0.3821427566666666,1.6895,1.50142,0.431190513333334
2012-03-01,2014.04,1126.4431818181818,13.63281818181818,3.5519047238095243,3.9480952752380953,12.69,1.31,18.264761904761905,20.775000000000002,106.19,0.34454545454545454,2.1727272727272724,-0.01413636363636364,16.167272727272728,90.24903225806453,53.0,48.3,-1.5,2.7,2.9,0.3961905514285714,1.828181818181818,1.36205,0.8519047238095241
2012-04-01,1981.99,1135.1595238095238,13.946285714285715,3.499499988,3.8939999829999996,12.95,1.25,17.829,-1.9,103.33,0.29190476190476183,2.0528571428571425,-0.021380952380952382,17.823,94.954,53.7,49.3,-5.0,2.6,2.7,0.394499995,1.760952380952381,1.68694,0.8994999880000001
2012-05-01,1843.47,1156.7826086956522,14.493652173913045,3.393809534761905,3.75095238,12.02,1.16,20.413333333333334,-27.566666666666666,94.7,0.285,1.8031818181818187,-0.034136363636363645,21.001818181818184,120.23387096774194,53.2,48.4,-1.0,2.5,2.3,0.35714284523809525,1.518181818181818,1.59031,0.8938095347619051
2012-06-01,1854.01,1163.5238095238096,14.648047619047619,3.2879999625,3.632500052,12.1,1.17,22.657999999999998,-44.7,82.41,0.29190476190476183,1.6223809523809525,-0.050047619047619056,21.13095238095238,169.62566666666672,51.0,48.2,0.9,2.2,1.7,0.3445000895000001,1.3304761904761906,0.78931,1.0879999624999996
2012-07-01,1881.99,1142.1513636363636,14.440590909090908,3.021363627272727,3.293636354545454,12.19,1.18,18.86318181818182,-46.625,87.93,0.24809523809523815,1.5266666666666664,-0.06019047619047619,17.562380952380952,171.5925806451613,50.6,49.3,-8.7,1.5,1.7,0.2722727272727274,1.2785714285714285,1.29665,1.5213636272727271
2012-08-01,1905.12,1131.6391304347826,14.361608695652171,2.83090909,3.0877272531818174,12.28,1.19,19.536818181818184,-32.8,94.16,0.268695652173913,1.6782608695652175,-0.05856521739130436,15.689565217391305,149.64612903225807,51.1,47.6,-6.0,1.3,1.4,0.2568181631818182,1.4095652173913045,1.37009,1.53090909
2012-09-01,1996.21,1123.4525,14.350649999999998,2.8074999925000004,3.0434999575,12.86,1.25,18.8615,-10.2,94.72,0.2552631578947368,1.7231578947368418,-0.07131578947368422,15.284736842105264,146.6036666666667,52.2,47.9,-2.4,2.1,1.7,0.23599996499999998,1.4678947368421054,1.9315,0.7074999925000003
2012-10-01,1912.0601,1105.8717391304347,13.976826086956523,2.7788095004761906,2.9738095499999995,12.28,1.19,17.520952380952377,6.975,89.57,0.27714285714285714,1.7461904761904763,-0.07485714285714284,16.276190476190475,161.69774193548383,51.2,49.5,1.0,2.1,2.0,0.1950000495238095,1.4690476190476192,1.61311,0.6788095004761905
2012-11-01,1932.9,1086.9395454545456,13.396454545454544,2.7970454472727275,2.990454555,12.5,1.21,16.567272727272726,10.475000000000001,86.66,0.26799999999999996,1.654,-0.07725,16.701904761904764,208.19033333333334,49.5,50.5,3.9,1.6,2.2,0.19340910772727282,1.3860000000000001,1.66323,1.1970454472727274
2012-12-01,1997.05,1074.7933333333335,12.795904761904765,2.8549999723809525,3.1288888977777773,12.92,1.25,15.25111111111111,21.075,88.25,0.25699999999999995,1.7189999999999999,-0.07575,17.3445,211.77129032258065,50.4,51.5,-6.0,1.4,1.8,0.2758333694444444,1.4620000000000002,2.10291,1.4549999723809526
2013-01-01,1961.9399,1066.4939130434782,11.953304347826087,2.7441304152173918,3.0517391117391304,12.73,1.23,14.613636363636367,9.899999999999999,94.69,0.2652380952380953,1.9147619047619049,-0.06085714285714286,13.505238095238093,204.00322580645164,52.3,52.3,10.9,1.6,1.7,0.30760869652173917,1.6495238095238096,1.31559,1.1441304152173917
2013-02-01,2026.49,1087.101,11.655100000000001,2.7050000075,3.0399999610526316,13.29,1.26,14.562105263157893,8.966666666666667,95.32,0.2673684210526316,1.9842105263157896,-0.057052631578947376,14.072631578947371,145.20964285714285,53.1,50.4,-8.6,1.6,1.6,0.3357894284210526,1.7168421052631577,1.36081,1.1050000074999997
2013-03-01,2004.89,1103.492857142857,11.610238095238095,2.5967499750000003,2.9095000045000003,13.14,1.25,15.524499999999998,12.424999999999999,93.05,0.256,1.9575,-0.05850000000000001,13.0315,137.8290322580645,51.5,51.6,0.0,1.5,2.0,0.31275002949999997,1.7014999999999998,1.00494,1.0967499750000003
2013-04-01,1963.95,1120.3127272727272,11.42047619047619,2.5567272586363634,2.835454517727273,13.81,1.17,16.722727272727273,-17.8,92.07,0.2322727272727273,1.7590909090909095,-0.06522727272727273,13.967272727272727,89.16766666666666,50.0,50.4,0.1,1.3,1.5,0.27872725909090906,1.5268181818181816,1.45631,1.2567272586363634
2013-05-01,2001.05,1112.6278260869565,11.00095652173913,2.588863600454545,2.8952381042857147,14.1,1.19,14.325714285714287,-28.0,94.8,0.25045454545454543,1.9281818181818182,-0.035500000000000004,13.493636363636362,78.37612903225808,50.0,49.2,3.1,1.1,1.1,0.30166671380952376,1.677727272727273,1.17803,1.488863600454545
2013-06-01,1863.3199,1135.2509999999997,11.64845,2.861315776842105,3.304736866315789,13.05,1.11,16.853157894736842,-5.950000000000001,95.8,0.3335,2.3000000000000003,0.26185,17.2715,81.67000000000002,52.5,48.2,-1.0,1.2,1.4,0.4434210894736842,1.9665000000000006,1.35321,1.6613157768421052
2013-07-01,1914.03,1125.7947826086954,11.281304347826088,2.916739142173913,3.46478263347826,13.2,1.13,17.360434782608692,14.3,104.61,0.3409090909090909,2.5822727272727275,0.46,13.974545454545455,93.22290322580645,54.9,47.7,2.6,1.6,1.8,0.5480434913043478,2.2413636363636367,1.00303,1.3167391421739127
2013-08-01,1926.36,1115.692272727273,11.391136363636363,2.937619086666667,3.609523806190477,13.16,1.14,15.071428571428575,36.86666666666667,106.57,0.3563636363636364,2.7372727272727273,0.5527272727272728,14.21,92.87741935483871,56.3,50.1,7.6,1.5,2.0,0.6719047195238095,2.380909090909091,1.79743,1.437619086666667
2013-09-01,1996.96,1083.3447619047618,10.899666666666667,2.8944444399999996,3.5316666761111115,13.76,1.18,15.725555555555555,34.775,106.29,0.404,2.8095,0.6639999999999999,14.691999999999998,116.717,56.0,50.2,-1.7,1.0,1.5,0.6372222361111111,2.4055000000000004,2.20242,1.8944444399999996
2013-10-01,2030.09,1065.9826086956523,10.876260869565217,2.8364761776190472,3.436190503333333,14.02,1.2,14.253333333333336,17.125,100.54,0.33545454545454545,2.6159090909090907,0.42863636363636365,15.407826086956522,176.28096774193548,56.6,50.9,7.2,0.9,1.2,0.5997143257142857,2.2804545454545457,1.55552,1.9364761776190473
2013-11-01,2044.87,1062.628095238095,10.596428571428572,2.93238094904762,3.579047622380952,15.21,1.22,14.118571428571428,4.8999999999999995,93.86,0.30368421052631583,2.7184210526315793,0.5478947368421053,12.923999999999998,83.81566666666666,57.0,50.8,0.2,1.2,1.0,0.6466666733333334,2.4147368421052633,1.45058,1.7323809490476199
2013-12-01,2011.34,1055.9557142857143,10.175863636363637,2.942857162857143,3.648571411904762,14.95,1.2,14.1935,21.599999999999998,97.63,0.33999999999999997,2.9019047619047624,0.7385714285714288,14.192380952380953,90.93870967741935,56.5,50.5,6.9,1.1,1.2,0.705714249047619,2.5619047619047617,1.92403,1.8428571628571428
2014-01-01,1941.15,1067.7434782608696,10.249739130434781,2.888500047,3.642000033,14.6,1.15,13.629499999999998,33.45,94.62,0.3938095238095239,2.858095238095238,0.6319047619047619,14.240952380952386,95.62741935483872,51.3,49.5,-0.2,1.1,1.5,0.7534999859999999,2.4642857142857144,1.63825,1.7885000469999999
2014-02-01,1979.99,1070.123,10.466849999999999,2.8539999220000003,3.5189999809999994,14.94,1.17,14.836500000000001,7.8999999999999995,100.82,0.3268421052631579,2.7094736842105265,0.5521052631578948,15.47,83.49142857142859,54.3,48.5,1.4,1.0,1.6,0.6650000590000001,2.3826315789473687,1.58583,1.8539999220000003
2014-03-01,1985.61,1070.5661904761903,10.43652380952381,2.8763809428571427,3.5447618957142857,14.78,1.18,13.61047619047619,-10.225000000000001,100.8,0.3990476190476191,2.7233333333333327,0.5557142857142857,14.83666666666667,72.93064516129033,54.4,48.0,3.7,1.3,1.1,0.6683809528571428,2.3242857142857143,1.21946,1.5763809428571427
2014-04-01,1961.79,1042.050909090909,10.147363636363636,2.8776818290909087,3.540227283181819,15.15,1.09,12.355909090909092,-23.975,102.07,0.41714285714285715,2.705238095238096,0.5428571428571429,14.19809523809524,63.76,55.3,48.1,8.9,1.5,1.5,0.662545454090909,2.288095238095239,1.65301,1.3776818290909087
2014-05-01,1994.96,1024.5454545454545,10.040136363636366,2.842052636315789,3.404421040526316,15.51,1.14,11.153684210526317,-10.2,102.18,0.38904761904761903,2.559047619047619,0.3680952380952381,12.475238095238094,68.4025806451613,55.6,49.7,-1.5,1.7,2.0,0.5623684042105264,2.1700000000000004,1.76839,1.1420526363157892
2014-06-01,2002.21,1019.0799999999998,9.959380952380952,2.7472631815789472,3.2870526189473686,15.74,1.14,11.296842105263158,-16.4,105.79,0.45238095238095244,2.5985714285714283,0.3695238095238094,11.54142857142857,68.89599999999999,55.7,50.7,2.4,1.7,2.1,0.539789437368421,2.1461904761904766,1.52655,1.0472631815789473
2014-07-01,2076.1201,1021.3573913043481,10.008130434782608,2.5592173813043475,3.0562608652173906,16.2,1.18,11.128260869565219,-21.9,103.59,0.5063636363636362,2.542272727272727,0.27954545454545454,12.296363636363639,72.39387096774193,56.4,51.7,5.4,1.6,2.1,0.4970434839130436,2.0359090909090907,1.85949,0.9592173813043474
2014-08-01,2068.54,1024.0885714285714,9.926523809523808,2.5407500020000002,3.085799992,16.18,1.17,11.958000000000002,-17.15,96.54,0.4723809523809524,2.42,0.22380952380952385,13.491904761904761,53.53774193548386,58.1,50.2,-0.2,1.4,2.0,0.54504999,1.9476190476190476,1.80655,1.1407500020000003
2014-09-01,2020.09,1036.0904545454548,9.617227272727273,2.4066842357894735,3.014473677368421,15.8,1.15,11.895263157894737,-9.125,93.21,0.5666666666666667,2.5342857142857147,0.4609523809523811,13.466666666666667,57.96766666666666,56.1,50.5,6.8,1.1,1.7,0.6077894415789473,1.9676190476190476,2.11504,1.3066842357894735
2014-10-01,1964.4301,1061.4126086956524,9.804260869565217,2.2419523742857144,2.771047591904762,15.37,1.11,14.82904761904762,-11.65,84.4,0.44545454545454555,2.304090909090909,0.38409090909090904,18.058695652173913,66.28516129032259,57.9,50.4,2.3,1.1,1.7,0.5290952176190477,1.858636363636364,1.60224,1.1419523742857143
2014-11-01,1980.78,1099.1785,9.414600000000002,2.1407999989999995,2.69100002,15.63,1.14,13.3185,-7.6000000000000005,75.79,0.5272222222222223,2.325555555555556,0.44555555555555554,13.413157894736841,58.178,57.6,50.0,-2.1,1.0,1.7,0.5502000210000001,1.7983333333333336,1.32116,1.1407999989999995
2014-12-01,1915.59,1103.1360869565217,9.20804347826087,2.1458695660869567,2.681130430869566,15.32,1.11,13.144285714285715,5.025,59.29,0.6354545454545455,2.2072727272727275,0.5104545454545455,16.292272727272728,66.24161290322581,55.1,49.5,3.6,0.8,1.3,0.5352608647826089,1.5718181818181818,2.1861,1.3458695660869566
2015-01-01,1949.26,1088.842272727273,9.171863636363634,2.040047605714286,2.4141428590476197,15.84,1.13,13.544285714285712,6.249999999999999,47.22,0.5515000000000001,1.8814999999999997,0.2745,19.1195,80.64967741935483,53.5,49.7,-0.7,1.0,0.8,0.3740952533333333,1.33,0.91604,1.0400476057142858
2015-02-01,1985.8,1100.3350000000003,9.252500000000001,2.0287368673684214,2.3500526705263156,16.99,1.15,12.445882352941176,-1.2,50.58,0.6189473684210527,1.9752631578947368,0.26000000000000006,15.904210526315786,68.65714285714284,52.9,50.7,-3.3,0.6,-0.1,0.32131580315789476,1.3563157894736844,0.38334,1.4287368673684213
2015-03-01,2041.03,1112.902272727273,9.214045454545454,1.8665909113636365,2.2773636368181815,16.98,1.19,11.495454545454544,-10.024999999999999,47.82,0.6404545454545455,2.0427272727272725,0.28090909090909094,14.812727272727274,62.27483870967742,51.5,49.6,-4.3,0.5,,0.4107727254545454,1.4022727272727271,0.79844,1.3665909113636365
2015-04-01,2127.1699,1084.9818181818182,9.060227272727273,1.7410908986363636,2.1777727272727265,17.73,1.24,11.976818181818182,-8.975000000000001,54.45,0.54,1.935,0.07763636363636366,13.494761904761905,66.03,51.5,48.9,-8.0,0.4,-0.1,0.43668182863636357,1.3949999999999998,1.58999,1.3410908986363634
2015-05-01,2114.8,1092.0238095238096,9.019571428571428,1.8768999999999998,2.488049996,17.23,1.17,12.295,-19.725,59.27,0.609,2.1975000000000002,0.332,13.338500000000002,62.85967741935484,52.8,49.2,-10.9,0.6,-0.2,0.611149996,1.5885000000000002,1.70283,1.2769
2015-06-01,2074.2,1111.847727272727,8.975863636363638,1.7751363613636364,2.467636357727273,16.87,1.14,13.991363636363637,-5.575,59.82,0.6886363636363636,2.3636363636363638,0.49772727272727285,14.339545454545457,67.026,53.5,49.9,-2.4,0.7,,0.6924999963636362,1.6749999999999998,1.77505,1.0751363613636364
2015-07-01,2030.16,1145.7804347826088,9.266304347826088,1.7775652260869566,2.451173927391305,15.84,1.12,13.896086956521737,2.9749999999999996,50.9,0.6677272727272727,2.3245454545454547,0.5036363636363637,14.352272727272727,74.31193548387097,52.7,47.8,-3.4,0.7,0.1,0.673608701304348,1.656818181818182,1.80113,1.0775652260869566
2015-08-01,1941.49,1178.1809523809525,9.54757142857143,1.7375714319047622,2.311999991428572,14.93,1.08,16.901,4.699999999999999,42.87,0.6976190476190476,2.167142857142857,0.5557142857142857,19.428095238095242,76.01096774193549,51.1,49.7,-14.9,0.7,0.2,0.5744285595238096,1.4695238095238095,1.7248,1.0375714319047622
2015-09-01,1962.8101,1185.2045454545455,9.848181818181818,1.6537500025,2.216750013,15.12,1.1,20.6315,-0.1000000000000002,45.48,0.7133333333333334,2.1728571428571435,0.6500000000000001,24.377142857142857,87.06199999999998,50.2,47.2,-8.4,0.5,0.2,0.5630000105,1.4595238095238094,1.92836,1.1537500025
2015-10-01,2029.47,1143.5749999999998,9.499454545454547,1.6289545413636366,2.0903636327272728,15.65,1.14,15.74809523809524,-2.15,46.22,0.6447619047619048,2.07,0.5714285714285715,16.789545454545454,65.7516129032258,49.4,48.3,-15.9,0.8,,0.4614090913636364,1.4252380952380952,1.31198,0.8289545413636366
2015-11-01,1991.97,1153.3695,9.378761904761905,1.7531428614285716,2.25309524047619,15.36,1.12,14.055714285714286,3.2,42.44,0.884736842105263,2.2631578947368416,0.6926315789473684,16.21,55.51066666666667,48.4,48.6,-4.8,0.8,0.2,0.4999523790476191,1.3784210526315788,1.30667,0.9531428614285715
2015-12-01,1961.3101,1173.5890909090908,9.631217391304347,1.7170000026086956,2.1768260834782605,15.07,1.1,14.965714285714284,-5.975,37.19,0.9827272727272728,2.242727272727273,0.7277272727272728,18.025454545454547,71.08064516129032,48.0,48.2,-14.1,1.1,0.5,0.4598260808695652,1.2600000000000002,1.46796,0.6170000026086955
2016-01-01,1912.0601,1201.387619047619,10.139952380952383,1.6303000030000003,2.0259500025,14.7,1.07,19.4525,-11.299999999999999,31.68,0.8994736842105263,2.0852631578947367,0.6652631578947368,23.717894736842105,80.38064516129035,48.2,48.4,-18.8,0.6,0.7,0.39564999949999996,1.1857894736842103,1.47499,1.0303000030000002
2016-02-01,1916.66,1214.6733333333334,10.586380952380951,1.4765555527777776,1.8275555633333331,15.63,1.08,18.293333333333333,-31.375,30.32,0.7335,1.7794999999999999,0.4720000000000001,22.517000000000003,78.9310344827586,49.7,48.0,-12.2,1.1,1.4,0.3510000105555555,1.046,1.11589,0.3765555527777775
2016-03-01,1995.85,1182.2373913043477,10.433565217391303,1.4980869543478261,1.851043473478261,16.2,1.12,13.386818181818182,-19.9,37.55,0.8750000000000001,1.889090909090909,0.3372727272727273,15.84909090909091,63.63,51.7,49.7,-8.1,0.8,1.0,0.3529565191304348,1.0140909090909092,0.78225,0.6980869543478261
2016-04-01,1994.15,1146.0061904761903,10.440904761904761,1.4684999945,1.8083049950000003,16.21,1.12,12.8175,-12.475,40.75,0.768095238095238,1.8052380952380953,0.19047619047619047,14.300476190476191,52.43566666666666,50.7,49.4,-11.2,1.0,0.9,0.33980500050000007,1.037142857142857,1.68966,0.4684999944999999
2016-05-01,1983.4,1174.1295454545452,10.751954545454547,1.4501863636363634,1.7871136363636362,13.91,1.05,12.225,-6.300000000000001,46.71,0.8161904761904762,1.8061904761904761,0.2119047619047619,14.852857142857141,55.18161290322581,51.0,49.2,-6.0,0.8,1.1,0.3369272727272727,0.99,1.66012,0.6501863636363634
2016-06-01,1970.35,1165.7886363636362,11.029454545454545,1.3412227272727273,1.6255181818181819,13.83,1.04,15.305714285714286,-1.7999999999999998,48.76,0.7313636363636362,1.6440909090909093,0.1740909090909091,17.774545454545457,133.64800000000002,52.8,48.6,-2.7,0.7,1.0,0.2842954545454546,0.9127272727272728,1.28116,0.6412227272727273
2016-07-01,2016.1899,1141.5080952380954,10.942857142857141,1.2201380952380954,1.4028047619047619,14.19,1.07,13.37857142857143,16.45,44.65,0.6725000000000001,1.504,0.05,13.1585,94.67000000000002,52.3,50.6,-10.3,0.4,1.0,0.18266666666666664,0.8314999999999999,1.64813,0.8201380952380953
2016-08-01,2034.65,1109.9456521739128,10.941826086956523,1.238791304347826,1.4181000000000001,14.32,1.08,11.993636363636362,20.45,44.72,0.7373913043478261,1.5565217391304347,0.0882608695652174,12.399565217391308,71.41258064516128,49.4,50.0,2.6,0.5,0.8,0.1793086956521739,0.8191304347826088,1.59009,0.738791304347826
2016-09-01,2043.63,1109.7704545454546,10.85668181818182,1.3142545454545456,1.517368181818182,14.51,1.08,12.747368421052634,0.6000000000000001,45.18,0.7709523809523811,1.6304761904761906,0.12149999999999997,14.219523809523807,50.28933333333334,51.7,50.1,-5.9,1.3,1.1,0.2031136363636363,0.8595238095238094,2.06444,0.01425454545454552
2016-10-01,2008.1899,1126.007142857143,10.83690476190476,1.3520904761904762,1.5863380952380952,13.03,0.99,13.9125,10.675,49.78,0.843,1.7645000000000004,0.10263157894736842,14.585238095238097,69.44645161290323,52.0,51.2,-3.2,1.5,1.5,0.23424761904761904,0.9215,1.744,-0.14790952380952382
2016-11-01,1983.48,1163.3545454545454,10.702045454545456,1.6104999999999998,1.967186363636364,12.74,0.98,14.920909090909088,19.766666666666666,45.66,0.9795,2.142,0.31999999999999995,15.236190476190473,125.67233333333333,53.5,50.9,2.5,1.5,1.6,0.35668636363636363,1.1625,1.9022,0.11049999999999982
2016-12-01,2026.46,1184.9363636363637,10.170272727272726,1.6945818181818182,2.1577454545454544,13.92,1.0,11.655238095238095,34.875,51.97,1.1966666666666668,2.491904761904762,0.5561904761904762,12.472380952380954,123.92709677419357,54.5,51.9,6.4,1.3,1.7,0.4631636363636362,1.2952380952380953,2.29173,0.39458181818181814
2017-01-01,2067.5701,1180.8568181818182,10.23981818181818,1.6459818181818184,2.1152772727272726,14.22,1.02,11.760000000000002,40.25,52.5,1.2065000000000001,2.4325,0.421,11.6085,144.13548387096776,56.0,51.0,6.4,2.2,2.1,0.4692954545454544,1.2260000000000002,2.10273,-0.5540181818181817
2017-02-01,2091.6399,1140.855,10.072,1.662755,2.160315,14.38,1.03,10.748500000000002,39.825,53.47,1.2010526315789471,2.4189473684210525,0.3999999999999999,11.530526315789475,119.4275,57.6,51.7,20.2,2.1,2.5,0.4975599999999999,1.2178947368421056,1.94277,-0.4372450000000001
2017-03-01,2160.23,1132.2152173913043,10.003304347826086,1.7046695652173915,2.2144,14.73,1.06,11.605000000000002,42.525000000000006,49.33,1.3130434782608698,2.4817391304347827,0.4856521739130435,11.89782608695652,112.85290322580646,56.6,51.2,13.7,2.3,2.7,0.5097304347826087,1.168695652173913,1.50315,-0.5953304347826083
2017-04-01,2205.4399,1133.8500000000004,10.284526315789472,1.6762900000000003,2.1824,15.02,1.08,13.447,27.333333333333332,51.06,1.2410526315789474,2.2973684210526315,0.3910526315789474,13.136315789473683,101.35633333333334,55.3,50.3,24.2,2.0,2.4,0.5061100000000001,1.0563157894736843,1.71867,-0.3237099999999997
2017-05-01,2347.3799,1124.9565217391307,9.998217391304348,1.6887652173913046,2.249495652173913,15.45,1.12,13.508421052631581,13.450000000000001,48.48,1.301818181818182,2.3036363636363633,0.4668181818181818,27.033636363636358,92.18935483870968,55.5,49.6,13.3,2.0,2.2,0.5607304347826088,1.0018181818181817,1.56481,-0.3112347826086954
2017-06-01,2391.79,1130.8304545454548,10.164454545454545,1.671277272727273,2.1656999999999997,14.46,1.14,11.90952380952381,-13.2,45.18,1.342272727272727,2.186818181818182,0.45818181818181825,22.598181818181818,95.05999999999997,56.7,50.4,13.6,1.8,1.9,0.49442272727272735,0.8445454545454545,0.95869,-0.12872272727272716
2017-07-01,2402.71,1132.122380952381,10.049809523809525,1.7376714285714288,2.251866666666667,14.56,1.15,11.551904761904764,-14.925,46.63,1.3725,2.3179999999999996,0.546,53.603999999999985,100.40903225806453,56.5,51.1,19.5,2.2,1.6,0.514195238095238,0.9455000000000002,1.71216,-0.4623285714285714
2017-08-01,2363.1899,1130.8082608695654,10.269695652173914,1.7782869565217394,2.2862565217391304,14.32,1.13,13.554545454545455,-6.466666666666666,48.04,1.3352173913043475,2.2091304347826086,0.43347826086956526,15.861304347826087,73.28774193548388,59.3,51.6,17.3,2.5,1.7,0.5079695652173912,2.243478260869565,1.65218,-0.7217130434782606
2017-09-01,2394.47,1132.7495238095237,10.199904761904762,1.7815952380952385,2.2859142857142856,13.58,1.1,13.130476190476193,6.525,49.82,1.3844999999999998,2.202,0.368,36.5245,84.18766666666667,60.2,51.0,35.0,2.0,1.9,0.5043190476190476,1.5375,2.0578,-0.21840476190476155
2017-10-01,2523.4299,1132.2636363636364,10.001909090909091,1.9782954545454545,2.4352772727272725,14.34,1.16,12.321874999999999,29.35,51.58,1.5495238095238095,2.3600000000000003,0.49809523809523815,53.685454545454554,70.21064516129033,58.5,51.0,7.1,1.8,2.2,0.45698181818181816,1.153333333333333,1.9527,0.17829545454545448
2017-11-01,2476.3701,1100.4613636363636,9.732590909090908,2.1428454545454545,2.5418818181818184,14.06,1.14,12.205454545454547,41.775,56.64,1.6966666666666665,2.353333333333333,0.4957142857142857,47.950476190476195,91.19500000000001,58.2,50.8,9.5,1.2,2.0,0.39903636363636374,1.8138095238095242,2.06918,0.9428454545454545
2017-12-01,2467.49,1083.3750000000002,9.563238095238095,2.0965761904761906,2.4701190476190478,12.99,1.11,12.416842105263157,52.525,57.88,1.8439999999999999,2.4025,0.503,44.928,90.57258064516128,59.3,51.5,8.9,1.4,2.2,0.3735428571428572,0.5585,2.82407,0.6965761904761907
2018-01-01,2566.46,1065.6372727272728,9.583434782608695,2.1826434782608697,2.615752173913043,13.5,1.15,12.494545454545454,45.025,63.7,2.031904761904762,2.583809523809524,0.54,39.59666666666667,114.8,59.1,51.5,22.3,0.8,2.1,0.43310869565217397,1.2376190476190476,1.90489,1.3826434782608696
2018-02-01,2427.3601,1078.1625,9.9757,2.2805299999999997,2.77511,13.02,1.11,17.79611111111111,30.666666666666668,62.23,2.1752631578947366,2.8589473684210525,0.7573684210526316,22.464736842105264,84.03857142857142,60.7,51.6,3.1,1.3,2.1,0.49458,0.6836842105263158,2.13804,0.9805299999999997
2018-03-01,2445.8501,1069.6022727272727,10.061363636363636,2.271190909090909,2.7119363636363634,13.1,1.12,16.98619047619048,4.4,62.73,2.275714285714286,2.842380952380953,0.7519047619047619,19.023809523809526,76.3758064516129,59.3,51.0,5.5,1.2,2.2,0.44074545454545455,0.8238095238095237,1.68874,1.071190909090909
2018-04-01,2515.3799,1067.7928571428572,9.89814285714286,2.189057142857143,2.6528714285714288,13.5,1.16,15.100000000000001,-21.125000000000004,66.25,2.3842857142857143,2.869047619047619,0.7414285714285713,18.267619047619046,88.596,57.9,51.1,-2.0,1.5,2.4,0.4638142857142858,0.9133333333333333,1.84679,0.689057142857143
2018-05-01,2423.01,1075.8608695652176,9.786521739130436,2.2469043478260873,2.7535130434782604,11.61,1.11,12.977500000000001,-31.95,69.98,2.5118181818181817,2.977727272727272,0.835909090909091,14.124545454545455,87.8674193548387,58.7,51.1,12.8,1.5,2.5,0.5066086956521739,0.6704545454545454,1.96778,0.7469043478260873
2018-06-01,2326.1299,1094.2619047619048,9.916476190476189,2.178761904761905,2.6628285714285718,11.05,1.05,14.464736842105262,-33.93333333333334,67.87,2.5333333333333337,2.9123809523809525,0.7947619047619047,13.678095238095239,103.78933333333333,60.0,51.0,-0.4,1.5,2.8,0.48406666666666676,0.379047619047619,1.591,0.6787619047619051
2018-07-01,2295.26,1122.0818181818183,10.037636363636361,2.1101500000000004,2.559922727272727,10.89,1.03,14.64590909090909,-9.825,70.98,2.6066666666666665,2.8890476190476186,0.7747619047619048,13.147619047619045,99.52677419354839,58.4,50.8,6.1,1.1,2.9,0.4497727272727273,0.5395238095238094,2.12309,1.0101500000000003
2018-08-01,2322.8799,1120.3978260869567,10.064521739130434,2.0401521739130435,2.4828304347826085,11.01,1.04,12.444999999999999,-7.575000000000001,68.06,2.635652173913044,2.889130434782609,0.7900000000000003,12.54695652173913,85.71451612903226,60.8,50.6,8.7,1.4,2.9,0.4426782608695652,0.48826086956521747,2.12846,0.6401521739130436
2018-09-01,2343.0701,1119.2450000000001,9.971949999999998,2.0035849999999997,2.3508799999999996,11.24,1.03,11.74470588235294,-2.525,70.23,2.767894736842105,3.0042105263157897,0.8810526315789473,12.910526315789474,67.36266666666668,59.5,50.0,-8.1,2.1,2.7,0.347295,0.23631578947368423,2.41001,-0.09641500000000036
2018-10-01,2029.6899,1132.2886363636362,10.017652173913044,2.0583391304347827,2.3609173913043473,9.74,0.89,17.25857142857143,-11.7,70.75,2.8609090909090913,3.152272727272728,1.040909090909091,19.35217391304348,90.25129032258067,57.5,50.1,22.5,2.0,2.3,0.3025782608695652,0.7822727272727273,2.21217,0.05833913043478267
2018-11-01,2096.8601,1125.2204545454545,9.912727272727272,1.982059090909091,2.2280499999999996,10.07,0.92,18.23818181818182,-20.366666666666667,56.96,2.8590000000000004,3.117,1.113,19.389047619047616,79.472,58.8,50.2,3.6,2.0,2.5,0.24599090909090907,0.39300000000000007,2.16702,-0.017940909090909063
2018-12-01,2041.04,1121.6775000000002,9.990095238095236,1.8557400000000002,2.0149099999999995,9.58,0.87,18.251578947368422,-28.125000000000004,49.52,2.6763157894736844,2.832631578947369,1.0163157894736843,24.953157894736844,127.53290322580648,54.3,49.7,-5.8,1.3,2.2,0.15917000000000003,0.34578947368421054,1.98107,0.5557400000000001
2019-01-01,2204.8501,1120.5630434782609,10.258608695652173,1.8080869434782607,1.9898260930434781,10.36,0.94,15.648636363636363,-28.525000000000002,51.38,2.543333333333334,2.7138095238095237,0.9200000000000002,19.57238095238095,146.5874193548387,56.6,48.3,-6.2,0.8,1.9,0.1817391495652174,0.17047619047619053,1.80396,1.0080869434782607
2019-02-01,2195.4399,1121.68,10.1361,1.8021500184999997,1.9873000020000002,10.38,0.94,14.70705882352941,-24.975,54.95,2.504210526315789,2.6763157894736844,0.7994736842105263,15.23052631578947,82.65035714285713,54.2,49.9,-11.3,0.5,1.6,0.18514998350000003,0.26684210526315794,1.78943,1.3021500184999997
2019-03-01,2140.6699,1131.107142857143,10.162571428571429,1.790285712857143,1.9544761857142858,10.13,0.92,14.416500000000003,-29.100000000000005,58.15,2.4095238095238094,2.570952380952381,0.6580952380952382,14.485238095238092,94.65645161290323,55.3,50.2,-8.4,0.4,1.5,0.1641904728571429,0.16142857142857142,1.37532,1.390285712857143
2019-04-01,2203.5901,1142.0227272727273,10.207863636363635,1.7360909204545456,1.8892272763636369,10.43,0.95,13.766818181818183,-37.625,63.86,2.344761904761905,2.532380952380952,0.5957142857142856,12.949047619047619,78.73900000000002,52.8,50.2,-2.1,0.6,1.9,0.15313635590909092,0.1876190476190476,2.03738,1.1360909204545457
2019-05-01,2041.74,1183.3772727272726,10.735869565217392,1.6825652121739127,1.8321739178260867,10.59,0.87,16.490952380952383,-18.6,60.83,2.206363636363636,2.395,0.5686363636363637,16.721818181818183,94.45225806451614,52.1,50.2,-9.8,0.7,2.0,0.14960870565217393,0.5159090909090909,2.18514,0.9825652121739128
2019-06-01,2130.6201,1170.9045,10.822950000000002,1.4981000070000001,1.6184999999999998,12.32,0.9,14.872105263157895,-24.599999999999998,54.66,1.8140000000000005,2.074,0.374,15.835999999999999,137.37066666666666,51.7,49.4,-13.8,0.7,1.8,0.12039999300000001,0.62,1.60914,0.7981000070000002
2019-07-01,2024.55,1175.7847826086959,10.850391304347825,1.3815652186956522,1.505304346956522,11.71,0.85,13.802173913043477,-20.15,57.35,1.835,2.059090909090909,0.3063636363636364,13.305909090909092,94.79645161290324,51.2,49.9,-11.1,0.6,1.6,0.12373912826086957,0.2240909090909091,1.74766,0.7815652186956522
2019-08-01,1967.79,1209.0750000000003,11.377909090909093,1.1630000040909092,1.2528636499999999,11.38,0.83,16.60285714285714,-21.933333333333334,54.81,1.5713636363636363,1.6263636363636365,0.055619047619047624,18.97909090909091,155.23322580645166,49.1,50.4,-14.0,0.0,1.8,0.08986364590909092,0.10550000000000001,1.71434,1.1630000040909092
2019-09-01,2063.05,1193.7752380952381,11.095857142857145,1.2859047604761902,1.4194761904761906,14.09,0.85,14.829999999999998,1.475,56.95,1.6480000000000001,1.6994999999999998,0.11565,15.558999999999997,118.307,48.2,51.4,-11.8,-0.4,1.7,0.13357143,0.10157894736842107,1.64493,1.6859047604761903
2019-10-01,2083.48,1181.7252173913046,10.91573913043478,1.3505217360869566,1.5670434808695652,14.23,0.86,14.24,-5.425000000000001,53.96,1.5513636363636365,1.706818181818182,0.1459090909090909,15.466521739130433,98.00290322580646,48.5,51.7,-14.9,0.0,1.7,0.21652174478260872,0.27818181818181814,1.7246,1.3505217360869566
2019-11-01,2087.96,1167.491428571429,10.70647619047619,1.4918095214285714,1.7503333333333333,14.27,0.86,13.74904761904762,-0.7249999999999999,57.03,1.6126315789473682,1.812105263157895,0.17157894736842105,12.5235,81.04199999999999,48.1,51.8,-14.4,0.2,1.8,0.2585238119047619,0.29421052631578953,1.6973,1.2918095214285714
2019-12-01,2197.6699,1171.7227272727273,10.726818181818182,1.3948181813636364,1.6561363613636362,18.2,0.89,13.713000000000003,-6.175,59.88,1.613333333333333,1.8628571428571428,0.14476190476190476,13.756666666666664,121.3074193548387,47.8,51.5,-6.1,0.7,2.1,0.26131817999999996,0.5495238095238094,1.70378,0.6948181813636365
2020-01-01,2119.01,1165.6969565217391,10.657217391304346,1.376652176956522,1.660782611304348,17.56,0.86,15.122,3.95,57.52,1.5190476190476194,1.7576190476190474,0.05065000000000001,13.94095238095238,110.07451612903225,50.9,51.1,-6.6,1.2,2.3,0.2841304343478261,0.45285714285714285,1.79711,0.17665217695652213
2020-02-01,1987.01,1193.7830000000001,10.836649999999999,1.2523000015,1.539799997,16.5,0.81,20.095,14.5,50.54,1.331052631578947,1.5042105263157894,-0.011777777777777776,19.628947368421056,113.26,50.1,40.3,3.6,0.9,2.5,0.28749999550000005,0.26789473684210524,1.64596,0.35230000150000007
2020-03-01,1754.64,1216.5263636363636,11.286954545454547,1.0924090909090909,1.484727272727273,14.66,0.71,47.443636363636365,21.275000000000002,29.21,0.44818181818181824,0.8699999999999997,0.06361904761904764,57.73681818181817,380.3896774193547,49.1,50.1,-1.8,0.8,2.3,0.39231818181818184,0.42181818181818187,0.98707,0.29240909090909084
2020-04-01,1947.5601,1221.2363636363636,11.316727272727274,1.0225909090909089,1.5022727272727274,16.26,0.79,37.354,-60.85,16.55,0.22476190476190483,0.6576190476190477,-0.04457142857142858,41.453809523809525,555.3246666666668,41.5,49.4,-25.6,0.0,1.5,0.47968181818181815,1.2042857142857144,-0.05035,1.0225909090909089
2020-05-01,2029.6,1228.4476190476191,11.440904761904763,0.8899523809523808,1.404952380952381,19.62,0.83,27.236315789473686,-106.375,28.56,0.1705,0.674,-0.04415000000000001,30.897000000000002,484.1822580645162,43.1,50.7,-23.7,-0.2,0.3,0.5149999999999999,0.7285,-0.21879,1.0899523809523808
2020-06-01,2108.3301,1206.9300000000003,11.199363636363636,0.8489090909090908,1.3913636363636361,24.18,0.87,30.67045454545455,0.6000000000000014,38.31,0.18500000000000003,0.7286363636363636,-0.054454545454545464,31.119545454545456,313.916,52.6,51.2,-10.9,0.2,0.1,0.5424545454545454,0.9527272727272728,0.51276,0.6489090909090909
2020-07-01,2249.3701,1197.988695652174,11.209130434782608,0.826391304347826,1.361,26.04,0.93,23.706521739130434,91.75,40.71,0.1481818181818182,0.6236363636363637,-0.08327272727272729,26.840454545454552,359.45258064516133,54.2,52.8,-7.1,0.4,0.6,0.534608695652174,0.6799999999999999,1.572,0.426391304347826
2020-08-01,2326.1699,1186.324761904762,11.171095238095237,0.8292857142857143,1.3736666666666668,26.7,0.97,24.384499999999996,163.475,42.34,0.13952380952380955,0.65,-0.10114285714285715,22.88952380952381,298.5867741935485,56.0,53.1,-10.3,0.8,1.0,0.5443809523809524,0.7676190476190475,1.67677,0.02928571428571425
2020-09-01,2327.8899,1177.2572727272727,11.131636363636362,0.9055454545454545,1.497318181818182,27.79,0.95,24.19523809523809,119.025,39.63,0.13476190476190478,0.6795238095238095,-0.0976666666666667,27.64761904761904,247.73666666666668,55.7,53.0,7.2,0.9,1.3,0.5917727272727272,0.7590476190476191,1.58276,0.00554545454545452
2020-10-01,2267.1499,1144.133181818182,10.858454545454546,0.9041818181818182,1.5013636363636365,27.23,0.93,22.766842105263155,90.075,39.4,0.1495238095238096,0.787142857142857,-0.09166666666666667,29.438636363636363,271.4293548387097,58.8,53.6,-3.8,0.1,1.4,0.5971818181818183,0.8947619047619045,1.39704,0.8041818181818182
2020-11-01,2591.3401,1114.4042857142858,10.657285714285713,0.9654761904761904,1.6099047619047622,31.17,1.06,21.240952380952383,72.66666666666667,40.94,0.16578947368421054,0.8700000000000001,-0.08421052631578947,24.9955,264.6863333333333,57.5,54.9,4.1,0.6,1.2,0.6444285714285714,1.0357894736842106,1.42003,0.3654761904761904
2020-12-01,2873.47,1093.9339130434782,10.527434782608694,0.9694347826086954,1.6756521739130437,29.47,1.16,20.90904761904762,95.64,47.02,0.13590909090909092,0.9336363636363637,-0.09822727272727273,22.37409090909091,238.67387096774192,60.5,53.0,12.6,0.6,1.2,0.7062173913043478,1.779545454545454,1.64952,0.36943478260869544
2021-01-01,2976.21,1098.5795238095236,10.574285714285715,0.9747142857142858,1.7310476190476192,30.59,1.2,30.808,89.63333333333333,52.0,0.1310526315789474,1.0810526315789473,-0.10005263157894738,24.909999999999997,216.06225806451616,58.7,51.5,11.4,0.9,1.4,0.7563333333333334,1.8500000000000003,1.44609,0.07471428571428573
2021-02-01,3012.95,1110.743,10.52815,0.9953888888888888,1.8426111111111112,30.98,1.22,28.408888888888885,92.85000000000001,59.04,0.11526315789473686,1.2578947368421054,-0.09221052631578948,23.140526315789472,154.39642857142854,60.8,50.9,9.3,1.4,1.4,0.8472222222222222,2.2794736842105263,1.67549,-0.40461111111111114
2021-03-01,3061.4199,1130.0417391304347,10.375347826086955,1.1165999999999998,2.0432142857142854,31.67,1.24,25.12818181818182,63.8,62.33,0.14695652173913049,1.6108695652173912,-0.06643478260869565,21.84304347826087,176.70193548387095,64.7,50.6,16.3,1.9,1.7,0.9295714285714285,3.7334782608695654,1.51384,-0.7834000000000001
2021-04-01,3147.8601,1117.9431818181818,10.237727272727275,1.1781590909090909,2.0431863636363636,32.6,1.28,18.03,82.43333333333332,61.72,0.1631818181818182,1.6349999999999996,-0.07145454545454548,17.416190476190476,122.48066666666666,60.7,51.9,41.2,2.5,2.6,0.8650272727272728,3.23090909090909,1.75472,-1.3218409090909091
2021-05-01,3203.9199,1122.6242857142859,10.268857142857144,1.203863157894737,2.1449263157894736,26.69,1.29,18.777368421052632,78.82499999999999,65.17,0.15500000000000003,1.6209999999999998,-0.0847,19.7605,129.4448387096774,61.2,52.0,45.6,2.6,4.2,0.9410631578947369,2.1409999999999996,1.86821,-1.3961368421052631
2021-06-01,3296.6799,1122.7736363636361,10.175090909090908,1.301909090909091,2.103090909090909,18.38,1.3,15.464090909090908,79.275,71.38,0.20272727272727276,1.5190909090909088,-0.08236363636363636,16.956818181818182,113.14600000000002,60.6,51.3,39.7,2.3,5.0,0.8011818181818184,1.8072727272727271,2.05519,-0.9980909090909089
2021-07-01,3202.3201,1144.8313636363634,10.37,1.419318181818182,1.9765000000000001,17.85,1.27,14.489090909090908,34.1,72.49,0.2195238095238096,1.3185714285714287,-0.10090476190476191,17.60333333333333,130.01032258064515,59.5,50.3,29.6,2.6,5.4,0.5571818181818182,1.613333333333333,2.07312,-1.1806818181818182
2021-08-01,3199.27,1160.1368181818182,10.54627272727273,1.4102272727272727,1.9051818181818179,18.2,1.3,15.59047619047619,-12.55,67.73,0.21727272727272728,1.2831818181818182,-0.10654545454545455,17.472727272727273,124.14419354838708,59.9,49.2,34.7,2.6,5.4,0.4949545454545455,2.415909090909091,2.46241,-1.1897727272727274
2021-09-01,3068.8201,1173.0204545454544,10.630863636363637,1.5172272727272729,2.0625000000000004,14.72,1.21,15.544736842105264,-36.46666666666666,71.65,0.24095238095238095,1.3747619047619049,-0.09695238095238097,19.824761904761903,120.22966666666669,60.5,50.0,16.9,2.4,5.3,0.5452727272727274,1.6052380952380954,2.68414,-0.882772727272727
2021-10-01,2970.6799,1181.9133333333334,10.42857142857143,1.8244761904761901,2.3898095238095243,14.25,1.17,18.66736842105263,-35.675000000000004,81.48,0.39249999999999996,1.5825,-0.09525000000000003,17.87142857142857,109.64838709677417,60.8,50.6,24.2,3.2,5.4,0.5653333333333334,1.19,1.85437,-1.37552380952381
2021-11-01,2839.01,1184.0877272727275,10.366681818181819,1.9526818181818184,2.354681818181818,13.77,1.13,17.538181818181823,-8.924999999999999,79.15,0.508,1.5595000000000003,-0.10565000000000002,18.50047619047619,135.15266666666668,60.6,49.9,31.9,3.8,6.2,0.40199999999999997,2.9414999999999996,2.47984,-1.8473181818181814
2021-12-01,2977.6499,1184.0221739130436,10.373347826086956,1.7994782608695654,2.1860434782608693,12.72,1.14,18.086363636363636,19.75,71.71,0.68,1.465,-0.09931818181818182,21.354545454545452,137.1274193548387,58.8,50.9,18.3,3.7,6.8,0.3865652173913043,1.4395454545454542,2.62031,-1.9005217391304348
2022-01-01,2663.3401,1195.4619047619049,10.392666666666665,2.0662857142857143,2.496523809523809,12.14,1.08,19.173000000000002,21.225,83.22,0.9804999999999999,1.764,-0.06854999999999999,23.181,145.67000000000002,57.6,49.1,15.5,3.6,7.0,0.43023809523809514,0.7835000000000001,2.24176,-1.5337142857142858
2022-02-01,2699.1799,1197.6315,10.37995,2.2760499999999997,2.67995,12.32,1.1,22.905555555555555,24.633333333333336,91.64,1.435263157894737,1.9342105263157892,-0.05236842105263158,25.748421052631574,127.98964285714285,58.6,50.4,21.1,3.7,7.5,0.40390000000000004,0.688421052631579,2.62742,-1.4239500000000005
2022-03-01,2757.6499,1220.3700000000001,10.269478260869564,2.3601304347826084,2.7767391304347826,12.58,1.12,22.549999999999997,40.824999999999996,108.5,1.9095652173913045,2.1278260869565218,-0.07186956521739131,26.968695652173906,186.61451612903227,57.1,48.1,18.8,4.1,7.9,0.41660869565217395,0.4139130434782608,3.0577,-1.7398695652173912
2022-04-01,2695.05,1236.8019047619048,9.76657142857143,2.9423333333333335,3.2213809523809522,12.3,1.1,18.08904761904762,42.375,101.78,2.5380000000000003,2.7475000000000005,-0.013894736842105264,24.3735,136.31366666666665,55.4,46.0,12.9,4.8,8.5,0.2790476190476191,0.20950000000000002,3.3929,-1.8576666666666664
2022-05-01,2685.8999,1265.9718181818182,9.811136363636365,3.0267727272727267,3.302636363636364,11.12,1.08,19.959047619047617,20.275,109.55,2.6166666666666667,2.8980952380952383,0.20952380952380953,29.313636363636363,133.77838709677417,56.1,48.1,21.4,5.4,8.3,0.2758636363636364,0.5814285714285714,3.63466,-2.3732272727272736
2022-06-01,2332.6399,1277.864090909091,9.509181818181817,3.4444090909090908,3.614636363636364,10.17,0.92,22.055999999999997,-7.033333333333334,114.84,2.998095238095238,3.1433333333333344,0.5257142857142858,28.233181818181823,133.46733333333333,53.0,51.7,5.3,6.0,8.6,0.17022727272727275,0.40238095238095245,4.22671,-2.5555909090909092
2022-07-01,2451.5,1306.064761904762,9.542333333333332,3.2397619047619046,3.3020952380952378,10.69,0.97,21.600476190476193,-41.2,101.62,3.0360000000000005,2.8960000000000004,0.5339999999999999,24.995238095238093,146.90064516129033,52.8,50.4,8.6,6.3,9.1,0.06233333333333332,-0.1473684210526316,3.30928,-3.060238095238095
2022-08-01,2472.05,1320.637391304348,9.739869565217393,3.2469999999999994,3.324956521739131,10.8,0.98,16.950000000000003,-20.574999999999996,93.67,3.25,2.8978260869565213,0.3895652173913043,22.169565217391305,119.16322580645162,52.8,49.5,6.5,5.7,8.5,0.0779565217391304,-0.3521739130434782,3.37713,-2.4530000000000007
2022-09-01,2155.49,1395.4636363636362,9.724045454545454,3.857863636363636,3.8672727272727268,9.26,0.83,20.773999999999997,-2.225,84.26,3.8566666666666656,3.5190476190476194,1.1366666666666667,27.341818181818187,109.556,50.9,48.1,2.3,5.6,8.3,0.009409090909090883,-0.3376190476190476,4.17915,-1.7421363636363636
2022-10-01,2293.6101,1425.717142857143,9.675142857142857,4.229047619047618,4.251761904761905,9.87,0.89,23.989473684210523,11.925,87.55,4.375,3.9834999999999994,1.5900000000000003,30.005714285714287,139.82999999999998,50.2,49.2,-5.8,5.7,8.2,0.02271428571428573,-0.39149999999999996,2.88196,-1.4709523809523821
2022-11-01,2472.53,1354.1936363636362,9.519454545454545,3.8956363636363633,3.9187727272727275,10.64,0.96,19.566363636363636,17.833333333333332,84.37,4.5035,3.8910000000000005,1.52,23.29909090909091,147.65466666666669,49.0,49.4,-14.2,5.0,7.7,0.023136363636363733,-0.6124999999999999,3.23905,-1.1043636363636367
2022-12-01,2236.3999,1293.5177272727271,9.572681818181819,3.6283636363636362,3.5392272727272727,10.76,0.84,17.757142857142856,19.15,76.44,4.288571428571428,3.6161904761904755,1.3566666666666667,21.784285714285716,132.44451612903228,48.4,49.0,-9.6,5.0,7.1,-0.08913636363636361,-0.6723809523809524,2.86812,-1.3716363636363638
2023-01-01,2425.0801,1242.9772727272725,9.518818181818181,3.4482727272727276,3.400272727272727,11.69,0.91,17.5685,24.125,78.12,4.2075000000000005,3.5315000000000003,1.2945000000000002,20.169047619047614,186.7664516129032,47.4,49.2,-16.4,5.2,6.5,-0.04800000000000006,-0.6759999999999999,2.67902,-1.7517272727272726
2023-02-01,2412.8501,1278.5639999999999,9.58675,3.4699,3.448200000000001,11.66,0.91,18.1635,43.824999999999996,76.83,4.5336842105263155,3.7468421052631578,1.413157894736842,20.1205,120.97035714285713,47.7,51.6,-7.6,4.8,6.4,-0.02169999999999994,-0.7868421052631579,2.61309,-1.3300999999999998
2023-03-01,2476.8601,1303.8708695652174,9.738782608695653,3.4753043478260865,3.4600434782608698,11.97,0.93,17.904545454545453,45.95,73.28,4.302608695652173,3.6630434782608696,1.3608695652173914,21.644347826086957,140.28096774193548,46.3,50.0,-13.8,4.2,6.0,-0.015260869565217352,-0.6395652173913045,2.07325,-0.7246956521739136
2023-04-01,2501.53,1321.7225,9.8867,3.2634499999999997,3.3191,12.14,0.94,15.244499999999999,30.966666666666665,79.45,4.016,3.46,1.1935000000000002,17.817894736842103,138.75733333333335,47.1,49.5,-14.3,3.7,5.0,0.05565,-0.5560000000000002,2.65083,-0.43655000000000044
2023-05-01,2577.1201,1326.2322727272726,9.654043478260869,3.332391304347826,3.4052173913043475,13.57,0.98,14.461000000000002,4.1,71.58,4.14,3.59,1.36,16.08,190.46129032258065,46.9,50.9,-15.2,3.3,4.9,0.0728260869565217,-0.55,2.65364,0.03239130434782611
